鴉	aa1
阿爸	aa3 baa1
阿爸	aa3 baa4
阿伯	aa3 baak3
阿塞拜疆	aa3 coi3 baai3 goeng1
阿富汗	aa3 fu3 hon6
阿根廷	aa3 gan1 ting4
阿公	aa3 gung1
亞軍	aa3 gwan1
阿爺	aa3 je4
阿爾巴尼亞	aa3 ji5 baa1 nei4 aa3
阿爾及利亞	aa3 ji5 kap6 lei6 aa3
阿拉伯薄麪包三明治	aa3 laai1 baak3 bok6 min6 baau1 saam1 ming4 zi6
阿拉伯聯合酋長國	aa3 laai1 baak3 lyun4 hap6 jau4 zoeng2 gwok3
阿拉丁燈神	aa3 laai1 ding1 dang1 san4
亞硫酸	aa3 lau4 syun1
亞硫酸鈉	aa3 lau4 syun1 naap6
阿魯巴	aa3 lou5 baa1
阿聯酋	aa3 lyun4 jau4
阿媽	aa3 maa1
阿嫲	aa3 maa4
阿曼	aa3 maan6
亞美尼亞	aa3 mei5 nei4 aa3
阿婆	aa3 po4
阿嬸	aa3 sam2
亞硝酸鈉	aa3 siu1 syun1 naap6
阿黃	aa3 wong2
阿黃	aa3 wong4
亞洲	aa3 zau1
唉	aai3
鴨	aap3
鴨肶	aap3 bei2
鴨髀	aap3 bei2
鴨舌帽	aap3 sit3 mou6
鴨仔	aap3 zai2
矮瓜	ai2 gwaa1
厄瓜多爾	ak1 gwaa1 do1 ji5
厄立特里亞	ak1 laap6 dak6 lei5 aa3
握手	ak1 sau2
揞口	am2 hau2
揞面	am2 min6
揞面男	am2 min6 naam4
揞面女	am2 min6 neoi5
揞嘴	am2 zeoi2
暗黑	am3 hak1
歐元	au1 jyun4
歐盟	au1 mang4
歐式郵局	au1 sik1 jau4 guk2
歐式郵局	au1 sik1 jau4 guk6
歐式城堡	au1 sik1 sing4 bou2
歐洲	au1 zau1
歐洲郵局	au1 zau1 jau4 guk2
歐洲郵局	au1 zau1 jau4 guk6
歐洲聯盟	au1 zau1 lyun4 mang4
歐洲城堡	au1 zau1 sing4 bou2
嘔	au2
嘔吐	au2 tou3
爸	baa1
爸爸	baa1 baa1
巴巴多斯	baa1 baa1 do1 si1
巴布亞新幾內亞	baa1 bou3 aa3 san1 gei2 noi6 aa3
巴基斯坦	baa1 gei1 si1 taan2
巴哈馬	baa1 haa1 maa5
巴拉圭	baa1 laai1 gwai1
巴勒斯坦	baa1 lak6 si1 taan2
巴林	baa1 lam4
芭蕾	baa1 leoi5
芭蕾鞋	baa1 leoi5 haai4
芭蕾舞	baa1 leoi5 mou5
巴拿馬	baa1 naa4 maa5
巴西	baa1 sai1
巴士	baa1 si2
巴士站	baa1 si2 zaam6
靶	baa2
霸王龍	baa3 wong4 lung4
爸爸	baa4 baa1
拜拜	baai1 baai3
百搭	baak3 daap3
百分	baak3 fan6
百分百	baak3 fan6 baak3
百分號	baak3 fan6 hou6
百分之一百	baak3 fan6 zi1 jat1 baak3
百貨	baak3 fo3
百貨大樓	baak3 fo3 daai6 lau4
百貨公司	baak3 fo3 gung1 si1
百貨商店	baak3 fo3 soeng1 dim3
百合	baak3 hap6
伯利茲	baak3 lei6 zi1
百慕大	baak3 mou6 daai6
白	baak6
白板	baak6 baan2
白菜	baak6 coi3
白大褂	baak6 daai6 gwaa3
白飯	baak6 faan6
白髮男	baak6 faat3 naam4
白髮女	baak6 faat3 neoi5
白鴿	baak6 gaap3
白人女	baak6 jan4 neoi5
白羊座	baak6 joeng4 zo6
白旗	baak6 kei4
白羅斯	baak6 lo4 si1
白老鼠	baak6 lou5 syu2
白貓	baak6 maau1
白米飯	baak6 mai5 faan6
白妹	baak6 mui1
白女	baak6 neoi5
白眼	baak6 ngaan5
白俄羅斯	baak6 ngo4 lo4 si1
白心	baak6 sam1
白色	baak6 sik1
白色大方塊	baak6 sik1 daai6 fong1 faai3
白色方鍵	baak6 sik1 fong1 gin6
白色愛心	baak6 sik1 oi3 sam1
白色小方塊	baak6 sik1 siu2 fong1 faai3
白色中方塊	baak6 sik1 zung1 fong1 faai3
白鼠	baak6 syu2
白兔	baak6 tou3
白子	baak6 zi2
班戟	baan1 gik1
班戟	baan1 kik1
斑馬	baan1 maa5
板球	baan2 kau4
版權	baan2 kyun4
版權所有	baan2 kyun4 so2 jau5
版權所無	baan2 kyun4 so2 mou4
板栗	baan2 leot6
扳手	baan2 sau2
辦公大樓	baan6 gung1 daai6 lau4
辦公樓	baan6 gung1 lau4
扮鬼面	baan6 gwai2 min6
八	baat3
八邊形	baat3 bin1 jing4
八次方	baat3 ci3 fong1
八帶魚	baat3 daai3 jyu4
八點	baat3 dim2
八點半	baat3 dim2 bun3
八點正	baat3 dim2 zing3
八點鐘	baat3 dim2 zung1
八分音符	baat3 fan1 jam1 fu4
八分之一	baat3 fan6 zi1 jat1
八輻星	baat3 fuk1 sing1
八輻星號	baat3 fuk1 sing1 hou6
八鍵	baat3 gin6
八角形	baat3 gok3 jing4
八角星	baat3 gok3 sing1
八月十五	baat3 jyut6 sap6 ng5
八萬	baat3 maan6
八索	baat3 sok3
八筒	baat3 tung4
八爪魚	baat3 zaau2 jyu4
包粟	baau1 suk1
包頭巾	baau1 tau4 gan1
包字邊	baau1 zi6 bin1
包字頭	baau1 zi6 tau4
包裝	baau1 zong1
爆	baau3
爆粗	baau3 cou1
爆穀	baau3 guk1
爆米花	baau3 mai5 faa1
爆炸	baau3 zaa3
爆竹	baau3 zuk1
閉翳	bai3 ai3
幣	bai6
北	bak1
北朝鮮	bak1 ciu4 sin1
北極熊	bak1 gik6 hung4
北高麗	bak1 gou1 lai6
北韓	bak1 hon4
北馬其頓	bak1 maa5 kei4 deon6
北馬里亞納羣島	bak1 maa5 lei5 aa3 naap6 kwan4 dou2
北朝鮮	bak1 ziu1 sin1
賓館	ban1 gun2
奔馬	ban1 maa5
繃帶	bang1 daai2
繃帶	bang1 daai3
筆	bat1
不丹	bat1 daan1
不等	bat1 dang2
不等號	bat1 dang2 hou6
不等於	bat1 dang2 jyu1
不等如	bat1 dang2 jyu4
不解	bat1 gaai2
筆記	bat1 gei3
筆記簿	bat1 gei3 bou2
筆記簿	bat1 gei3 bou6
筆記本	bat1 gei3 bun2
筆記本電腦	bat1 gei3 bun2 din6 nou5
不見	bat1 gin3
不見惡事	bat1 gin3 ok3 si6
不見惡事猿	bat1 gin3 ok3 si6 jyun4
不許	bat1 heoi2
不可	bat1 ho2
不可飲用	bat1 ho2 jam2 jung6
不言	bat1 jin4
畢業	bat1 jip6
不悅	bat1 jyut6
筆錄	bat1 luk6
不聞	bat1 man4
不明飛行物	bat1 ming4 fei1 hang4 mat6
不明飛行物體	bat1 ming4 fei1 hang4 mat6 tai2
不滿	bat1 mun5
不死鳥	bat1 sei2 niu5
不說惡言	bat1 syut3 ok3 jin4
不說惡言猿	bat1 syut3 ok3 jin4 jyun4
不聽惡詞	bat1 ting3 ok3 ci4
不聽惡詞猿	bat1 ting3 ok3 ci4 jyun4
不准	bat1 zeon2
不知所措	bat1 zi1 so2 cou3
啤	be1
啤梨	be1 lei2
啤酒	be1 zau2
卑微	bei1 mei4
悲傷	bei1 soeng1
肶	bei2
髀	bei2
比基尼	bei2 gei1 nei4
比堅尼	bei2 gin1 nei4
比利時	bei2 lei6 si4
比薩	bei2 saat3
比心	bei2 sam1
匕首	bei2 sau2
祕	bei3
臂	bei3
秘魯	bei3 lou5
祕密	bei3 mat6
鼻	bei6
鼻哥	bei6 go1
備忘	bei6 mong4
備忘錄	bei6 mong4 luk6
備胎	bei6 toi1
鼻仔	bei6 zai2
餅	beng2
餅乾	beng2 gon1
病菌	beng6 kwan2
病字邊	beng6 zi6 bin1
病字頭	beng6 zi6 tau4
蝙	bin1
蝙蝠	bin1 fuk1
邊爐	bin1 lou4
鞭炮	bin1 paau3
扁食	bin2 sik6
變檔	bin3 dong3
變色龍	bin3 sik1 lung4
便當	bin6 dong3
便當盒	bin6 dong3 hap2
便當盒	bin6 dong3 hap6
便利店	bin6 lei6 dim3
便條	bin6 tiu4
兵	bing1
冰	bing1
乒乓	bing1 bam1
乒乓波	bing1 bam1 bo1
乒乓球	bing1 bam1 kau4
乒乓	bing1 bong1
乒乓波	bing1 bong1 bo1
乒乓球	bing1 bong1 kau4
冰島	bing1 dou2
冰毒	bing1 duk6
冰凍	bing1 dung3
冰塊	bing1 faai3
冰激凌	bing1 gik1 ling4
冰鞋	bing1 haai4
兵器	bing1 hei3
冰淇淋	bing1 kei4 lam4
冰冷	bing1 laang5
冰上曲棍球	bing1 soeng6 kuk1 gwan3 kau4
冰壺	bing1 wu4
冰壺石	bing1 wu4 sek6
冰字邊	bing1 zi6 bin1
冰字旁	bing1 zi6 pong4
丙烷	bing2 jyun4
別墅	bit6 seoi5
別針	bit6 zam1
錶	biu1
標靶	biu1 baa2
標籤	biu1 cim1
標語	biu1 jyu5
表演藝術	biu2 jin2 ngai6 seot6
波板糖	bo1 baan2 tong2
波多黎各	bo1 do1 lai4 gok3
波黑	bo1 hak1
波蘭	bo1 laan4
玻璃罐	bo1 lei1 gun3
玻璃瓶	bo1 lei1 ping4
玻璃樽	bo1 lei1 zeon1
玻利維亞	bo1 lei6 wai4 aa3
菠蘿	bo1 lo4
波浪	bo1 long6
波浪線	bo1 long6 sin3
博茨瓦納	bok3 ci4 ngaa5 naap6
搏擊	bok3 gik1
博奈爾	bok3 noi6 ji5
薄餅	bok6 beng2
鎊	bong6
保存	bou2 cyun4
保加利亞	bou2 gaa1 lei6 aa3
保齡球	bou2 ling4 kau4
報	bou3
報表	bou3 biu2
布基納法索	bou3 gei1 naap6 faat3 sok3
報刊	bou3 hon1
布隆迪	bou3 lung4 dik6
報紙	bou3 zi2
報紙卷	bou3 zi2 gyun2
報紙綑	bou3 zi2 kwan2
部分交替	bou6 fan6 gaau1 tai3
哺乳	bou6 jyu5
暴雨	bou6 jyu5
捕鼠器	bou6 syu2 hei3
杯茶	bui1 caa4
杯糕	bui1 gou1
杯式蛋糕	bui1 sik1 daan6 gou1
貝	bui3
背包	bui3 baau1
貝殼	bui3 hok3
貝寧	bui3 ning4
半月	bun3 jyut6
半獸人	bun3 sau3 jan4
捧	bung2
叉	caa1
叉號	caa1 hou6
叉乘	caa1 sing4
叉燒	caa1 siu1
叉燒包	caa1 siu1 baau1
叉選	caa1 syun2
茶	caa4
茶杯	caa4 bui1
茶壺	caa4 wu4
差人	caai1 jan4
差佬	caai1 lou2
差婆	caai1 po2
差婆	caai1 po4
踩單車	caai2 daan1 ce1
柴	caai4
柴木	caai4 muk6
鱡	caak6
參攷	caam1 haau2
參攷標記	caam1 haau2 biu1 gei3
參攷標誌	caam1 haau2 biu1 zi3
參攷記號	caam1 haau2 gei3 hou6
參攷號	caam1 haau2 hou6
慘	caam2
餐具	caan1 geoi6
剷	caan2
鏟	caan2
剷除	caan2 ceoi4
剷晒	caan2 saai3
殘月	caan4 jyut6
撐船	caang1 syun4
撐船男	caang1 syun4 naam4
撐船女	caang1 syun4 neoi5
撐艇	caang1 teng5
撐艇男	caang1 teng5 naam4
撐艇女	caang1 teng5 neoi5
撐艇仔	caang1 teng5 zai2
橙	caang2
橙色	caang2 sik1
橙	caang4
橙心	caang4 sam1
橙色	caang4 sik1
橙色大階磚	caang4 sik1 daai6 gaai1 zyun1
橙色大菱形	caang4 sik1 daai6 ling4 jing4
橙色愛心	caang4 sik1 oi3 sam1
橙色小階磚	caang4 sik1 siu2 gaai1 zyun1
橙色小菱形	caang4 sik1 siu2 ling4 jing4
橙色書本	caang4 sik1 syu1 bun2
橙書	caang4 syu1
橙子	caang4 zi2
插頭	caap3 tau2
插頭	caap3 tau4
巢	caau4
測體溫	cak1 tai2 wan1
親吻	can1 man5
親吻人	can1 man5 jan4
親吻男	can1 man5 naam4
親吻女	can1 man5 neoi5
診斷	can2 dyun6
襯衣	can3 ji1
襯衫	can3 saam1
七	cat1
七次方	cat1 ci3 fong1
七點	cat1 dim2
七點半	cat1 dim2 bun3
七點正	cat1 dim2 zing3
七點鐘	cat1 dim2 zung1
七分之一	cat1 fan6 zi1 jat1
七鍵	cat1 gin6
七萬	cat1 maan6
七星瓢蟲	cat1 sing1 piu4 cung4
七索	cat1 sok3
七筒	cat1 tung4
七夕	cat1 zik6
七夕樹	cat1 zik6 syu6
七夕節	cat1 zik6 zit3
秋	cau1
丑角	cau2 gok3
溴化氫	cau3 faa3 hing1
臭鼬	cau3 jau6
車	ce1
車厘子	ce1 lei4 zi2
車輪	ce1 leon4
車轆	ce1 luk1
車呔	ce1 taai1
車胎	ce1 toi1
車站	ce1 zaam6
斜玉旁	ce4 juk6 pong4
邪惡	ce4 ok3
尺	cek3
赤	cek3
赤道幾內亞	cek3 dou6 gei2 noi6 aa3
赤色	cek3 sik1
青	ceng1
青菜	ceng1 coi3
青花菜	ceng1 faa1 coi3
青瓜	ceng1 gwaa1
青檸	ceng1 ning4
青檸檬	ceng1 ning4 mung1
青蘋果	ceng1 ping4 gwo2
青色	ceng1 sik1
青蛙	ceng1 waa1
清酒	ceng1 zau2
請	ceng2
請求	ceng2 kau4
吹	ceoi1
吹風	ceoi1 fung1
吹氣	ceoi1 hei3
取款機	ceoi2 fun2 gei1
錘	ceoi4
除	ceoi4
隨機	ceoi4 gei1
除號	ceoi4 hou6
除以	ceoi4 ji5
廚師	ceoi4 si1
春	ceon1
膥	ceon1
循環	ceon4 waan4
出醜	ceot1 cau2
出糗	ceot1 cau3
出租車	ceot1 zou1 ce1
鴟鴞	ci1 hiu1
豕	ci2
齒	ci2
齒輪	ci2 leon4
廁	ci3
翅	ci3
翅膀	ci3 bong2
刺身	ci3 san1
廁所	ci3 so2
刺蝟	ci3 wai6
匙羹	ci4 gang1
磁懸浮列車	ci4 jyun4 fau4 lit6 ce1
磁石	ci4 sek6
磁鐵	ci4 tit3
暹羅	cim3 lo4
潛水	cim4 seoi2
潛水鏡	cim4 seoi2 geng3
千分	cin1 fan6
千分號	cin1 fan6 hou6
千里達及多巴哥	cin1 lei5 daat6 kap6 do1 baa1 go1
錢	cin2
淺膚色	cin2 fu1 sik1
淺藍愛心	cin2 laam4 oi3 sam1
淺藍心	cin2 laam4 sam1
淺藍色愛心	cin2 laam4 sik1 oi3 sam1
錢迷	cin2 mai4
錢銀	cin2 ngan2
淺色膚色	cin2 sik1 fu1 sik1
淺色皮膚	cin2 sik1 pei4 fu1
錢	cin4
錢包	cin4 baau1
錢幣	cin4 bai6
錢財	cin4 coi4
錢袋	cin4 doi2
錢袋	cin4 doi6
錢夾	cin4 gaap3
錢銀	cin4 ngan4
前進	cin4 zeon3
青	cing1
清除	cing1 ceoi4
青菜	cing1 coi3
青瓜	cing1 gwaa1
清空	cing1 hung1
清涼	cing1 loeng4
青檸	cing1 ning4
青檸檬	cing1 ning4 mung1
青蘋果	cing1 ping4 gwo2
青色	cing1 sik1
青天白日	cing1 tin1 baak6 jat6
青天白日滿地紅	cing1 tin1 baak6 jat6 mun5 dei6 hung4
青蛙	cing1 waa1
稱讚	cing1 zaan3
清真寺	cing1 zan1 zi2
清真寺	cing1 zan1 zi6
清酒	cing1 zau2
請	cing2
請求	cing2 kau4
秤	cing3
稱心	cing3 sam1
稱心合意	cing3 sam1 hap6 ji3
稱心滿意	cing3 sam1 mun5 ji3
晴	cing4
晴日	cing4 jat6
情侶	cing4 leoi5
情侶旅館	cing4 leoi5 leoi5 gun2
晴朗	cing4 long5
情信	cing4 seon3
情書	cing4 syu1
晴天	cing4 tin1
程序員	cing4 zeoi6 jyun4
超級英雄	ciu1 kap1 jing1 hung4
超級市場	ciu1 kap1 si5 coeng4
超市	ciu1 si5
昭和	ciu1 wo4
朝	ciu4
朝鮮	ciu4 sin1
初學者	co1 hok6 ze2
錯	co3
銼冰	co3 bing1
錯誤	co3 ng6
錯愕	co3 ngok6
坐電梯	co5 din6 tai1
坐輪椅	co5 leon4 ji2
坐𨋢	co5 lip1
坐昇降機	co5 sing1 gong3 gei1
辵部	coek3 bou6
桌球	coek3 kau4
槍	coeng1
窗	coeng1
槍械	coeng1 haai6
窗口	coeng1 hau2
窗戶	coeng1 wu6
長笛	coeng4 dek2
長笛	coeng4 dek6
長笛	coeng4 dik6
長方	coeng4 fong1
長方形	coeng4 fong1 jing4
長褲	coeng4 fu3
場記	coeng4 gei3
場記板	coeng4 gei3 baan2
長頸鹿	coeng4 geng2 luk2
長頸鹿	coeng4 geng2 luk6
長鼓	coeng4 gu2
長曲棍球	coeng4 kuk1 gwan3 kau4
長條圖	coeng4 tiu4 tou4
長筒靴	coeng4 tung2 hoe1
彩虹	coi2 hung4
彩虹旗	coi2 hung4 kei4
彩色碎紙	coi2 sik1 seoi3 zi2
采字頭	coi2 zi6 tau4
菜	coi3
賽車	coi3 ce1
賽車比賽	coi3 ce1 bei2 coi3
菜刀	coi3 dou1
菜花	coi3 faa1
塞爾維亞	coi3 ji5 wai4 aa3
塞拉利昂	coi3 laai1 lei6 ngong4
賽馬	coi3 maa5
塞內加爾	coi3 noi6 gaa1 ji5
塞浦路斯	coi3 pou2 lou6 si1
塞舌爾	coi3 sit3 ji5
賽艇	coi3 teng5
賽艇男	coi3 teng5 naam4
賽艇女	coi3 teng5 neoi5
菜椒	coi3 ziu1
財	coi4
裁判	coi4 pun3
蒼鷹	cong1 jing1
蒼蠅	cong1 jing4
倉鼠	cong1 syu2
倉鼠頭	cong1 syu2 tau4
創可貼	cong3 ho2 tip3
牀	cong4
粗口	cou1 hau2
操縱桿	cou1 zung3 gon1
草	cou2
草花頭	cou2 faa1 tau4
草藥	cou2 joek6
草碼八	cou2 maa5 baat3
草碼七	cou2 maa5 cat1
草碼九	cou2 maa5 gau2
草碼一	cou2 maa5 jat1
草碼二	cou2 maa5 ji6
草碼零	cou2 maa5 ling4
草碼六	cou2 maa5 luk6
草碼五	cou2 maa5 ng5
草碼三	cou2 maa5 saam1
草碼十	cou2 maa5 sap6
草碼四	cou2 maa5 sei3
草苗	cou2 miu4
草帽	cou2 mou6
草莓	cou2 mui4
草芽	cou2 ngaa4
草字頭	cou2 zi6 tau4
醋	cou3
醋酸	cou3 syun1
觸角手勢	cuk1 gok3 sau2 sai3
蹴鞠	cuk1 guk1
促織	cuk1 zik1
沖涼	cung1 loeng4
衝浪	cung1 long6
衝浪男	cung1 long6 naam4
衝浪女	cung1 long6 neoi5
聰明	cung1 ming4
銃	cung3
銃械	cung3 haai6
松	cung4
蟲	cung4
重疊結構	cung4 dip6 git3 gau3
重疊結構	cung4 dip6 git3 kau3
松木	cung4 muk6
松鼠	cung4 syu2
松樹	cung4 syu6
處女座	cyu2 neoi5 zo6
廚師	cyu4 si1
儲存	cyu5 cyun4
全包圍	cyun4 baau1 wai4
全包圍結構	cyun4 baau1 wai4 git3 gau3
全包圍結構	cyun4 baau1 wai4 git3 kau3
存檔盒	cyun4 dong2 hap6
傳呼機	cyun4 fu1 gei1
全寬中點	cyun4 fun1 zung1 dim2
全球	cyun4 kau4
傳信	cyun4 seon3
傳信箱	cyun4 seon3 soeng1
傳真	cyun4 zan1
傳真機	cyun4 zan1 gei1
打邊爐	daa2 bin1 lou4
打波	daa2 bo1
打電話	daa2 din6 waa2
打鼓	daa2 gu2
打乞嗤	daa2 hat1 ci1
打印	daa2 jan3
打印機	daa2 jan3 gei1
打拳	daa2 kyun2
打拳	daa2 kyun4
打籃球	daa2 laam4 kau4
打牌	daa2 paai2
打牌	daa2 paai4
打撲克	daa2 pok3 hak1
打針	daa2 zam1
打字	daa2 zi6
打招呼	daa2 ziu1 fu1
打坐	daa2 zo6
打坐男	daa2 zo6 naam4
打坐女	daa2 zo6 neoi5
歹徒	daai2 tou4
戴口罩	daai3 hau2 zaau3
戴帽	daai3 mou6
戴眼鏡	daai3 ngaan5 geng2
戴眼鏡	daai3 ngaan5 geng3
戴頭巾	daai3 tau4 gan1
大白菜	daai6 baak6 coi3
大笨象	daai6 ban6 zoeng6
大不列顛	daai6 bat1 lit6 din1
大餅	daai6 beng2
大便	daai6 bin6
大暴雨	daai6 bou6 jyu5
大蟲	daai6 cung4
大廚	daai6 cyu2
大廚	daai6 cyu4
大跌	daai6 dit3
大雕	daai6 diu1
大夫	daai6 fu1
大楷	daai6 gaai1
大喫一驚	daai6 hek3 jat1 geng1
大韓民國	daai6 hon4 man4 gwok3
大哭	daai6 huk1
大熊貓	daai6 hung4 maau1
大音量	daai6 jam1 loeng6
大衣	daai6 ji1
大英帝國	daai6 jing1 dai3 gwok3
大於等於	daai6 jyu1 dang2 jyu1
大於或等於	daai6 jyu1 waak6 dang2 jyu1
大雨	daai6 jyu5
大橋	daai6 kiu4
大蠊	daai6 lim4
大馬	daai6 maa5
大拇指	daai6 mou5 zi2
大霧	daai6 mou6
大腦	daai6 nou5
大腦爆炸	daai6 nou5 baau3 zaa3
大寫	daai6 se2
大寫百	daai6 se2 baak3
大寫八	daai6 se2 baat3
大寫七	daai6 se2 cat1
大寫千	daai6 se2 cin1
大寫伽瑪	daai6 se2 gaa1 maa5
大寫九	daai6 se2 gau2
大寫一	daai6 se2 jat1
大寫二	daai6 se2 ji6
大寫〇	daai6 se2 ling4
大寫六	daai6 se2 luk6
大寫五	daai6 se2 ng5
大寫派	daai6 se2 paai3
大寫三	daai6 se2 saam1
大寫十	daai6 se2 sap6
大寫四	daai6 se2 sei3
大寫鎖定	daai6 se2 so2 ding6
大寫字母	daai6 se2 zi6 mou5
大猩猩	daai6 sing1 sing1
大笑貓	daai6 siu3 maau1
大蒜	daai6 syun3
大頭菜	daai6 tau4 coi3
大頭釘	daai6 tau4 deng1
大頭釘	daai6 tau4 ding1
大頭蝦	daai6 tau4 haa1
大肚	daai6 tou5
大肚婆	daai6 tou5 po2
大肚婆	daai6 tou5 po4
大衛之星	daai6 wai6 zi1 sing1
大正	daai6 zing3
大漲	daai6 zoeng3
大象	daai6 zoeng6
擔憂	daam1 jau1
擔心	daam1 sam1
擔遮	daam1 ze1
膽怯	daam2 hip3
氮氣	daam6 hei3
單板滑雪	daan1 baan2 waat6 syut3
單車	daan1 ce1
單車男	daan1 ce1 naam4
單車女	daan1 ce1 neoi5
單峯駱駝	daan1 fung1 lok3 to4
單峯駝	daan1 fung1 to4
單軌鐵路	daan1 gwai2 tit3 lou6
單人旁	daan1 jan4 pong4
單引號	daan1 jan5 hou6
單企人	daan1 kei5 jan2
單企人	daan1 kei5 jan4
單曲循環	daan1 kuk1 ceon4 waan4
單立人	daan1 lap6 jan4
丹麥	daan1 mak6
單眼	daan1 ngaan5
單片眼鏡	daan1 pin3 ngaan5 geng3
單選	daan1 syun2
蛋	daan2
蛋餅	daan2 beng2
蛋	daan6
蛋餅	daan6 beng2
彈出	daan6 ceot1
蛋糕	daan6 gou1
蛋奶凍	daan6 naai5 dung3
撣指	daan6 zi2
搭電梯	daap3 din6 tai1
搭𨋢	daap3 lip1
搭昇降機	daap3 sing1 gong3 gei1
低電量	dai1 din6 loeng6
低光	dai1 gwong1
低陰入	dai1 jam1 jap6
低亮度	dai1 loeng6 dou6
低落	dai1 lok6
底褲	dai2 fu3
抵力	dai2 lik6
第一	dai6 jat1
第一卷	dai6 jat1 gyun2
第二卷	dai6 ji6 gyun2
第三卷	dai6 saam1 gyun2
第四卷	dai6 sei3 gyun2
得	dak1
德	dak1
得戚	dak1 cik1
德國	dak1 gwok3
得意	dak1 ji3
得意洋洋	dak1 ji3 joeng4 joeng4
德意志	dak1 ji3 zi3
特	dak6
特克斯及凱科斯羣島	dak6 hak1 si1 kap6 hoi2 fo1 si1 kwan4 dou2
抌垃圾	dam2 laap6 saap3
燈	dang1
燈膽	dang1 daam2
燈籠椒	dang1 lung4 ziu1
燈泡	dang1 paau1
登山靴	dang1 saan1 hoe1
燈神	dang1 san4
登字頭	dang1 zi6 tau4
等	dang2
等價	dang2 gaa3
等價於	dang2 gaa3 jyu1
等號	dang2 hou6
等於	dang2 jyu1
等如	dang2 jyu4
等同	dang2 tung4
等同於	dang2 tung4 jyu1
櫈	dang3
櫈仔	dang3 zai2
凸月	dat6 jyut6
突尼斯	dat6 nei5 si1
豆	dau2
豆	dau6
爹地	de1 di4
地菠蘿	dei6 bo1 lo4
地豆	dei6 dau6
地點	dei6 dim2
地瓜	dei6 gwaa1
地球	dei6 kau4
地龍	dei6 lung4
地鼠	dei6 syu2
地鼠頭	dei6 syu2 tau4
地鐵	dei6 tit3
地鐵符號	dei6 tit3 fu4 hou6
地鐵列車	dei6 tit3 lit6 ce1
地圖	dei6 tou4
笛	dek2
笛	dek6
釘	deng1
頂	deng2
堆雪人	deoi1 syut3 jan4
兌	deoi3
對	deoi3
對白	deoi3 baak6
對局	deoi3 guk6
兌卦	deoi3 gwaa3
對抗	deoi3 kong3
對決	deoi3 kyut3
對話	deoi3 waa6
對陣	deoi3 zan6
對戰	deoi3 zin3
滴	dik1
滴汗	dik1 hon6
滴血	dik1 hyut3
的士	dik1 si2
笛	dik6
點	dim2
點火	dim2 fo2
點乘	dim2 sing4
點頭	dim2 tau4
掂	dim6
顛倒	din1 dou2
電	din6
電插頭	din6 caap3 tau2
電車	din6 ce1
電池	din6 ci4
電單車	din6 daan1 ce1
電燈	din6 dang1
電燈膽	din6 dang1 daam2
電燈泡	din6 dang1 paau1
電動單車	din6 dung6 daan1 ce1
電動輪椅	din6 dung6 leon4 ji2
電動輪椅人	din6 dung6 leon4 ji2 jan4
電動輪椅男	din6 dung6 leon4 ji2 naam4
電動輪椅女	din6 dung6 leon4 ji2 neoi5
電動自行車	din6 dung6 zi6 hang4 ce1
電郵	din6 jau4
電影	din6 jing2
電影院	din6 jing2 jyun2
電離輻射	din6 lei4 fuk1 se6
電量	din6 loeng6
電量耗盡	din6 loeng6 hou3 zeon6
電聯	din6 lyun4
電腦	din6 nou5
電腦包	din6 nou5 baau1
電平滑塊	din6 ping4 waat6 faai3
電視	din6 si6
電視機	din6 si6 gei1
電梯	din6 tai1
電筒	din6 tung2
電筒	din6 tung4
電話	din6 waa2
電話機	din6 waa2 gei1
電話	din6 waa6
電話機	din6 waa6 gei1
電子郵件	din6 zi2 jau4 gin2
電子郵件	din6 zi2 jau4 gin6
釘	ding1
叮叮	ding1 ding1
丁烷	ding1 jyun4
頂	ding2
定時	ding6 si4
定時器	ding6 si4 hei3
定位	ding6 wai2
蝶	dip2
蝶	dip6
跌	dit3
雕	diu1
凋零	diu1 ling4
凋落	diu1 lok6
凋謝	diu1 ze6
釣	diu3
釣魚	diu3 jyu2
釣魚	diu3 jyu4
調值一	diu6 zik6 jat1
調值二	diu6 zik6 ji6
調值五	diu6 zik6 ng5
調值三	diu6 zik6 saam1
調值四	diu6 zik6 sei3
多哥	do1 go1
多米尼加	do1 mai5 nei4 gaa1
多米尼加共和國	do1 mai5 nei4 gaa1 gung6 wo4 gwok3
多雲	do1 wan4
多謝	do1 ze6
多謝晒	do1 ze6 saai3
袋	doi2
袋鼠	doi6 syu2
袋鼠國	doi6 syu2 gwok3
當心	dong1 sam1
當心兒童	dong1 sam1 ji4 tung4
檔案夾	dong2 on3 gaap3
檔案櫃	dong2 on3 gwai6
刀	dou1
刀叉	dou1 caa1
刀字邊	dou1 zi6 bin1
刀字旁	dou1 zi6 pong4
島	dou2
倒瀉	dou2 se2
倒水	dou2 seoi2
倒轉	dou2 zyun3
度	dou6
稻	dou6
導彈	dou6 daan2
導彈	dou6 daan6
渡渡鳥	dou6 dou6 niu5
道教	dou6 gaau3
稻穀	dou6 guk1
導演	dou6 jin2
渡輪	dou6 leon4
道路施工	dou6 lou6 si1 gung1
道路維修	dou6 lou6 wai4 sau1
道路維護	dou6 lou6 wai4 wu6
導盲狗	dou6 maang4 gau2
導盲犬	dou6 maang4 hyun2
稻米	dou6 mai5
稻穗	dou6 seoi6
導數	dou6 sou3
㧻	duk1
涿屎	duk1 si2
獨角獸	duk6 gok3 sau3
毒害	duk6 hoi6
獨木船	duk6 muk6 syun4
獨木舟	duk6 muk6 zau1
讀信	duk6 seon3
讀書	duk6 syu1
冬	dung1
東	dung1
東帝汶	dung1 dai3 man4
東京塔	dung1 ging1 taap3
冬甩	dung1 lat1
東正教	dung1 zing3 gaau3
凍	dung3
凍飲	dung3 jam2
凍甩牙	dung3 lat1 ngaa4
凍死	dung3 sei2
洞	dung6
短褲	dyun2 fu3
緞帶	dyun6 daai2
奪冠	dyut6 gun3
花	faa1
花癡	faa1 ci1
花癡貓	faa1 ci1 maau1
花菜	faa1 coi3
花束	faa1 cuk1
花朵	faa1 do2
花朵	faa1 doe2
花火	faa1 fo2
花椰菜	faa1 je4 coi3
花旗	faa1 kei4
花旗國	faa1 kei4 gwok3
花碼八	faa1 maa5 baat3
花碼七	faa1 maa5 cat1
花碼九	faa1 maa5 gau2
花碼一	faa1 maa5 jat1
花碼二	faa1 maa5 ji6
花碼零	faa1 maa5 ling4
花碼六	faa1 maa5 luk6
花碼五	faa1 maa5 ng5
花碼三	faa1 maa5 saam1
花碼十	faa1 maa5 sap6
花碼四	faa1 maa5 sei3
花豹	faa1 paau3
花灑	faa1 saa2
花生	faa1 sang1
花紙牌	faa1 zi2 paai4
化骨龍	faa3 gwat1 lung4
筷	faai3
快馬	faai3 maa5
塊石	faai3 sek6
快進	faai3 zeon3
筷子	faai3 zi2
筷箸	faai3 zyu6
翻白眼	faan1 baak6 ngaan5
番豆	faan1 dau6
番瓜	faan1 gwaa1
番茄	faan1 ke2
翻手	faan1 sau2
番薯	faan1 syu2
番薯	faan1 syu4
反白眼	faan2 baak6 ngaan5
反對	faan2 deoi3
反犬旁	faan2 hyun2 pong4
反文旁	faan2 man4 pong4
反派	faan2 paai1
反派	faan2 paai3
返回箭頭	faan2 wui4 zin3 tau4
煩躁	faan4 cou3
梵蒂岡	faan4 dai3 gong1
帆船	faan4 syun4
飯	faan6
飯店	faan6 dim3
飯盒	faan6 hap2
飯糰	faan6 tyun4
飯碗	faan6 wun2
法	faat3
發	faat3
發財	faat3 coi4
發件箱	faat3 gin6 soeng1
法官	faat3 gun1
法國	faat3 gwok3
發言	faat3 jin4
發熱	faat3 jit6
法蘭西	faat3 laan4 sai1
法輪	faat3 leon4
法羅羣島	faat3 lo4 kwan4 dou2
髮廊	faat3 long4
發射	faat3 se6
發信	faat3 seon3
發信箱	faat3 seon3 soeng1
法師	faat3 si1
法式長棍	faat3 sik1 coeng4 gwan3
法式麪包	faat3 sik1 min6 baau1
發燒	faat3 siu1
法屬波利尼西亞	faat3 suk6 bo1 lei6 nei4 sai1 aa3
法屬圭亞那	faat3 suk6 gwai1 aa3 naa5
法屬南部領地	faat3 suk6 naam4 bou6 ling5 dei6
髮挑	faat3 tiu1
發怵	faat3 zeot1
揮手	fai1 sau2
肺	fai3
肺部	fai3 bou6
廢棄房屋	fai3 hei3 fong4 uk1
廢紙簍	fai3 zi2 lau4
芬蘭	fan1 laan4
婚禮教堂	fan1 lai5 gaau3 tong2
婚禮教堂	fan1 lai5 gaau3 tong4
婚紗	fan1 saa1
婚紗男	fan1 saa1 naam4
勳章	fan1 zoeng1
粉紅愛心	fan2 hung4 oi3 sam1
粉紅心	fan2 hung4 sam1
粉紅色愛心	fan2 hung4 sik1 oi3 sam1
粉心	fan2 sam1
粉色愛心	fan2 sik1 oi3 sam1
睏	fan3
瞓	fan3
睏覺	fan3 gaau3
瞓覺	fan3 gaau3
墳	fan4
墳墓	fan4 mou6
憤怒	fan5 nou6
憤怒發言	fan5 nou6 faat3 jin4
憤怒貓	fan5 nou6 maau1
氟化氫	fat1 faa3 hing1
佛得角	fat6 dak1 gok3
佛珠	fat6 zyu1
否	fau2
否定	fau2 ding6
阜部	fau6 bou6
阜字邊	fau6 zi6 bin1
阜字旁	fau6 zi6 pong4
啡	fe1
啡色	fe1 sik1
啡色愛心	fe1 sik1 oi3 sam1
飛	fei1
飛彈	fei1 daan2
飛彈	fei1 daan6
飛碟	fei1 dip2
飛碟	fei1 dip6
飛髮	fei1 faat3
飛機	fei1 gei1
飛行	fei1 hang4
飛行員	fei1 hang4 jyun4
飛起	fei1 hei2
非飲用水	fei1 jam2 jung6 seoi2
飛鷹	fei1 jing1
非禮勿言	fei1 lai5 mat6 jin4
非禮勿視	fei1 lai5 mat6 si6
非禮勿聽	fei1 lai5 mat6 ting3
菲林	fei1 lam2
菲律賓	fei1 leot6 ban1
飛蠊	fei1 lim4
飛吻	fei1 man5
飛盤	fei1 pun4
非商業	fei1 soeng1 jip6
非商用	fei1 soeng1 jung6
飛鼠	fei1 syu2
非洲	fei1 zau1
蜚蠊	fei2 lim4
斐濟	fei2 zai3
捹頭	fing6 tau4
科特迪瓦	fo1 dak6 dik6 ngaa5
科科斯基林羣島	fo1 fo1 si1 gei1 lam4 kwan4 dou2
科學家	fo1 hok6 gaa1
科摩羅	fo1 mo1 lo4
科索沃	fo1 sok3 juk1
科威特	fo1 wai1 dak6
火	fo2
火車	fo2 ce1
火車站	fo2 ce1 zaam6
火花	fo2 faa1
火雞	fo2 gai1
火焰	fo2 jim6
火熱	fo2 jit6
火辣	fo2 laat6
火烈鳥	fo2 lit6 niu5
火苗	fo2 miu4
火山	fo2 saan1
火山噴發	fo2 saan1 pan3 faat3
火心	fo2 sam1
火星人	fo2 sing1 jan4
火燒	fo2 siu1
火鍋	fo2 wo1
火箭	fo2 zin3
火雀	fo2 zoek3
火燭	fo2 zuk1
貨幣兌換	fo3 bai6 deoi3 wun6
貨車	fo3 ce1
貨運	fo3 wan6
芳草	fong1 cou2
荒島	fong1 dou2
方塊	fong1 faai3
方根	fong1 gan1
方根號	fong1 gan1 hou6
方形	fong1 jing4
荒漠	fong1 mok6
方磚	fong1 zyun1
放大鏡	fong3 daai6 geng3
放電影	fong3 din6 jing2
放風箏	fong3 fung1 zang1
放映	fong3 jing2
放映機	fong3 jing2 gei1
放鷂	fong3 jiu2
放鷂	fong3 jiu6
放鬆	fong3 sung1
放紙鷂	fong3 zi2 jiu2
放紙鷂	fong3 zi2 jiu6
防護鏡	fong4 wu6 geng3
枯葉	fu1 jip6
骷髏	fu1 lau4
骷髏旗	fu1 lau4 kei4
骷髏頭	fu1 lou4 tau4
骷髏頭骨	fu1 lou4 tau4 gwat1
枯木	fu1 muk6
膚色	fu1 sik1
枯樹	fu1 syu6
枯萎	fu1 wai2
斧	fu2
虎	fu2
苦瓜面口	fu2 gwaa1 min6 hau2
苦惱	fu2 nou5
斧頭	fu2 tau2
斧頭	fu2 tau4
虎頭	fu2 tau4
虎字頭	fu2 zi6 tau4
褲	fu3
庫克羣島	fu3 hak1 kwan4 dou2
庫拉索	fu3 laai1 sok3
富士山	fu3 si6 saan1
符號	fu4 hou6
符號鍵盤	fu4 hou6 gin6 pun2
符號輸入	fu4 hou6 syu1 jap6
芙蓉	fu4 jung4
芙蓉花	fu4 jung4 faa1
灰心	fui1 sam1
灰色愛心	fui1 sik1 oi3 sam1
晦	fui3
晦月	fui3 jyut6
蝠	fuk1
福克蘭羣島	fuk1 hak1 laan4 kwan4 dou2
覆手	fuk1 sau2
輻射	fuk1 se6
複數	fuk1 sou3
服務犬	fuk6 mou6 hyun2
服務鈴	fuk6 mou6 ling4
服務商標	fuk6 mou6 soeng1 biu1
復活節島	fuk6 wut6 zit3 dou2
獾	fun1
歡呼	fun1 fu1
歡喜	fun1 hei2
歡喜你	fun1 hei2 nei5
歡笑	fun1 siu3
楓	fung1
蜂	fung1
風	fung1
封包	fung1 baau1
風車國	fung1 ce1 gwok3
封口	fung1 hau2
風衣	fung1 ji1
楓葉	fung1 jip6
楓葉國	fung1 jip6 gwok3
風褸	fung1 lau1
風鈴	fung1 ling4
蜂蜜	fung1 mat6
風信子	fung1 seon3 zi2
風箏	fung1 zang1
封裝	fung1 zong1
縫衣針	fung4 ji1 zam1
鳳梨	fung6 lei4
鳳凰	fung6 wong4
加	gaa1
豭	gaa1
加減	gaa1 gaam2
加減號	gaa1 gaam2 hou6
加號	gaa1 hou6
加油	gaa1 jau2
加油站	gaa1 jau2 zaam6
加油	gaa1 jau4
加油站	gaa1 jau4 zaam6
家禽	gaa1 kam4
伽瑪	gaa1 maa5
加拿大	gaa1 naa4 daai6
加那利羣島	gaa1 naa5 lei6 kwan4 dou2
加納	gaa1 naap6
迦納	gaa1 naap6
家雁	gaa1 ngaan6
加蓬	gaa1 pung4
家庭成員	gaa1 ting4 sing4 jyun4
假笑	gaa2 siu3
假肢	gaa2 zi1
架撐	gaa3 caang1
咖啡	gaa3 fe1
咖喱飯	gaa3 lei1 faan6
架生	gaa3 saang1
階磚	gaai1 zyun1
解鎖	gaai2 so2
戒指	gaai3 zi2
格恩西島	gaak3 jan1 sai1 dou2
格林納達	gaak3 lam4 naap6 daat6
格陵蘭	gaak3 ling4 laan4
格魯吉亞	gaak3 lou5 gat1 aa3
格仔餅	gaak3 zai2 beng2
尷	gaam1
監	gaam1
尷尬	gaam1 gaai3
減	gaam2
減號	gaam2 hou6
奸	gaan1
奸狡	gaan1 gaau2
奸計	gaan1 gai3
奸險	gaan1 him2
奸笑	gaan1 siu3
奸笑貓	gaan1 siu3 maau1
奸詐	gaan1 zaa3
梘	gaan2
柬埔寨	gaan2 bou3 zaai6
鹼式碳酸銅	gaan2 sik1 lau4 syun1 tung4
間尺	gaan3 cek2
間隔	gaan3 gaak3
間隔號	gaan3 gaak3 hou6
鴿	gaap3
甲蟲	gaap3 cung4
甲基苯丙胺	gaap3 gei1 bun2 bing2 on3
甲基安非他命	gaap3 gei1 on1 fei1 taa1 ming6
蛤𧊅	gaap3 gwaai2
甲殼蟲	gaap3 hok3 cung4
甲烷	gaap3 jyun4
夾鉗	gaap3 kim4
蛤乸	gaap3 naa2
蛤乸	gaap3 naa5
甲醇	gaap3 seon4
夾鉗	gaap6 kim2
曱甴	gaat6 zaat2
曱甴	gaat6 zaat6
膠布	gaau1 bou3
交叉	gaau1 caa1
交叉旗	gaau1 caa1 kei4
交叉手指	gaau1 caa1 sau2 zi2
交錯結構	gaau1 co3 git3 gau3
交錯結構	gaau1 co3 git3 kau3
膠囊	gaau1 nong4
膠片	gaau1 pin2
膠拖	gaau1 to1
交通燈	gaau1 tung1 dang1
交通號標	gaau1 tung1 hou6 biu1
膠桶	gaau1 tung2
餃	gaau2
攪攪震	gaau2 gaau2 zan3
狡猾	gaau2 waat6
餃子	gaau2 zi2
覺	gaau3
校暗	gaau3 am3
較淺膚色	gaau3 cin2 fu1 sik1
教學	gaau3 hok6
較深膚色	gaau3 sam1 fu1 sik1
教師	gaau3 si1
教書	gaau3 syu1
鉸剪	gaau3 zin2
鉸接貨車	gaau3 zip3 fo3 ce1
鉸接式貨車	gaau3 zip3 sik1 fo3 ce1
覺覺豬	gaau4 gaau1 zyu1
雞	gai1
雞鴨鵝	gai1 aap3 ngo4
雞肶	gai1 bei2
雞髀	gai1 bei2
雞膥	gai1 ceon1
雞蛋	gai1 daan2
雞蛋	gai1 daan6
雞冠	gai1 gun1
雞公	gai1 gung1
雞殼	gai1 hok3
雞尾酒	gai1 mei5 zau2
雞頭	gai1 tau4
雞仔	gai1 zai2
雞仔頭	gai1 zai2 tau4
計程車	gai3 cing4 ce1
計時	gai3 si4
柑	gam1
金	gam1
金髮	gam1 faat3
金髮妹	gam1 faat3 mui1
金髮男	gam1 faat3 naam4
金髮女	gam1 faat3 neoi5
金髮女郎	gam1 faat3 neoi5 long4
柑桔	gam1 gat1
金剛石	gam1 gong1 sek6
金瓜	gam1 gwaa1
金龜子	gam1 gwai1 zi2
柑橘	gam1 gwat1
金門大橋	gam1 mun4 daai6 kiu4
金門橋	gam1 mun4 kiu4
金牛座	gam1 ngau4 zo6
金牌	gam1 paai4
金穗	gam1 seoi6
柑子	gam1 zi2
金字邊	gam1 zi6 bin1
金字旁	gam1 zi6 pong4
噉都得	gam2 dou1 dak1
感動	gam2 dung6
橄欖	gam2 laam5
橄欖球	gam2 laam5 kau4
感嘆號	gam2 taan3 hou2
感嘆號	gam2 taan3 hou6
感謝	gam2 ze6
禁	gam3
禁單車	gam3 daan1 ce1
禁電話	gam3 din6 waa2
禁菸	gam3 jin1
禁手機	gam3 sau2 gei1
禁止	gam3 zi2
禁止單車	gam3 zi2 daan1 ce1
禁止抌垃圾	gam3 zi2 dam2 laap6 saap3
禁止電話	gam3 zi2 din6 waa2
禁止行人	gam3 zi2 hang4 jan4
禁止吸菸	gam3 zi2 kap1 jin1
禁止騎車	gam3 zi2 ke4 ce1
禁止垃圾	gam3 zi2 laap6 saap3
禁止亂拋垃圾	gam3 zi2 lyun6 paau1 laap6 saap3
禁止手機	gam3 zi2 sau2 gei1
禁止手提電話	gam3 zi2 sau2 tai4 din6 waa2
禁止食菸	gam3 zi2 sik6 jin1
撳鐘	gam6 zung1
根菜	gan1 coi3
根號	gan1 hou6
艮	gan3
艮卦	gan3 gwaa3
近視眼鏡	gan6 si6 ngaan5 geng3
更新	gang1 san1
羹仔	gang1 zai2
急救車	gap1 gau3 ce1
𥄫	gap6
𥄫𥄫	gap6 gap6
𥄫下	gap6 haa5
桔	gat1
吉布提	gat1 bou3 tai4
吉爾吉斯斯坦	gat1 ji5 gat1 si1 si1 taan2
吉他	gat1 taa1
拮針	gat1 zam1
吉樽	gat1 zeon1
桔子	gat1 zi2
九	gau2
狗	gau2
九次方	gau2 ci3 fong1
九點	gau2 dim2
九點半	gau2 dim2 bun3
九點正	gau2 dim2 zing3
九點鐘	gau2 dim2 zung1
九分之一	gau2 fan6 zi1 jat1
狗狗	gau2 gau2
九鍵	gau2 gin6
九萬	gau2 maan6
九索	gau2 sok3
狗頭	gau2 tau4
九筒	gau2 tung4
狗爪邊	gau2 zaau2 bin1
狗仔	gau2 zai2
購物	gau3 mat6
購物車	gau3 mat6 ce1
購物袋	gau3 mat6 doi2
救命	gau3 meng6
救生服	gau3 sang1 fuk6
救生圈	gau3 sang1 hyun1
救生衣	gau3 sang1 ji1
救護車	gau3 wu6 ce1
機車	gei1 ce1
機場	gei1 coeng4
基督教	gei1 duk1 gaau3
基督教堂	gei1 duk1 gaau3 tong2
基督教堂	gei1 duk1 gaau3 tong4
機動車道	gei1 dung6 ce1 dou6
機械腳	gei1 haai6 goek3
機械工	gei1 haai6 gung1
機械人	gei1 haai6 jan4
機械手	gei1 haai6 sau2
機械手臂	gei1 haai6 sau2 bei3
機器人	gei1 hei3 jan4
基因	gei1 jan1
肌肉	gei1 juk6
基里巴斯	gei1 lei5 baa1 si1
基佬	gei1 lou2
機長	gei1 zoeng2
幾內亞	gei2 noi6 aa3
幾內亞比紹	gei2 noi6 aa3 bei2 siu6
記	gei3
記低	gei3 dai1
記落	gei3 lok6
寄生蟲	gei3 sang1 cung4
記事簿	gei3 si6 bou6
記事本	gei3 si6 bun2
技工	gei6 gung1
忌廉	gei6 lim1
驚	geng1
鏡	geng3
鏡球	geng3 kau4
俥	geoi1
車	geoi1
居酒屋	geoi1 zau2 uk1
居酒屋燈籠	geoi1 zau2 uk1 dang1 lung4
舉重	geoi2 cung5
舉重男	geoi2 cung5 naam4
舉重女	geoi2 cung5 neoi5
矩形	geoi2 jing4
舉手	geoi2 sau2
舉手男	geoi2 sau2 naam4
舉手女	geoi2 sau2 neoi5
鋸	geoi3
颶風	geoi6 fung1
巨蟹座	geoi6 haai5 zo6
巨魔	geoi6 mo1
巨無霸	geoi6 mou4 baa3
巨石	geoi6 sek6
巨石像	geoi6 sek6 zoeng6
激情	gik1 cing4
激動	gik1 dung6
擊劍	gik1 gim3
擊鼓	gik1 gu2
激死	gik1 sei2
檢查	gim2 caa4
檢視	gim2 si6
劍	gim3
堅忍	gin1 jan2
建設	gin3 cit3
建設中	gin3 cit3 zung1
建字底	gin3 zi6 dai2
建築工	gin3 zuk1 gung1
建築工地	gin3 zuk1 gung1 dei6
建築工人	gin3 zuk1 gung1 jan4
建築施工	gin3 zuk1 si1 gung1
鍵盤	gin6 pun2
驚	ging1
驚喜	ging1 hei2
驚恐	ging1 hung2
驚奇	ging1 kei4
驚訝	ging1 ngaa6
驚怕	ging1 paa3
驚嘆號	ging1 taan3 hou2
驚嘆號	ging1 taan3 hou6
警察	ging2 caat3
警車	ging2 ce1
警車燈	ging2 ce1 dang1
警燈	ging2 dang1
警告	ging2 gou3
警示燈	ging2 si6 dang1
敬禮	ging3 lai5
勁	ging6
競技場	ging6 gei6 coeng4
競技館	ging6 gei6 gun2
結	git3
結束箭頭	git3 cuk1 zin3 tau4
結婚典禮	git3 fan1 din2 lai5
結婚戒指	git3 fan1 gaai3 zi2
結他	git3 taa1
轎車	giu2 ce1
轎車	giu6 ce1
哥爾夫	go1 ji5 fu1
哥爾夫球	go1 ji5 fu1 kau4
哥爾夫男	go1 ji5 fu1 naam4
哥爾夫女	go1 ji5 fu1 neoi5
哥倫比亞	go1 leon4 bei2 aa3
歌譜	go1 pou2
歌手	go1 sau2
哥斯達黎加	go1 si1 daat6 lai4 gaa1
腳	goek3
腳板	goek3 baan2
腳板底	goek3 baan2 dai2
腳標八	goek3 biu1 baat3
腳標七	goek3 biu1 cat1
腳標九	goek3 biu1 gau2
腳標一	goek3 biu1 jat1
腳標二	goek3 biu1 ji6
腳標零	goek3 biu1 ling4
腳標六	goek3 biu1 luk6
腳標五	goek3 biu1 ng5
腳標三	goek3 biu1 saam1
腳標四	goek3 biu1 sei3
腳踏車	goek3 daap6 ce1
腳底	goek3 dai2
腳印	goek3 jan3
薑	goeng1
殭屍	goeng1 si1
殭屍男	goeng1 si1 naam4
殭屍女	goeng1 si1 neoi5
蓋飯	goi3 faan6
角	gok3
角分	gok3 fan1
角分符號	gok3 fan1 fu4 hou6
角秒	gok3 miu5
角秒符號	gok3 miu5 fu4 hou6
角仔	gok3 zai2
角子	gok3 zi2
乾冰	gon1 bing1
乾杯	gon1 bui1
岡比亞	gong1 bei2 aa3
剛果	gong1 gwo2
剛果共和國	gong1 gwo2 gung6 wo4 gwok3
剛果民主共和國	gong1 gwo2 man4 zyu2 gung6 wo4 gwok3
江豚	gong1 tyun4
港	gong2
港幣	gong2 bai6
講大話	gong2 daai6 waa6
講多無謂	gong2 do1 mou4 wai6
講笑	gong2 siu3
講話	gong2 waa6
港紙	gong2 zi2
降	gong3
鋼筆	gong3 bat1
降調	gong3 diu6
降記號	gong3 gei3 hou6
絳河	gong3 ho4
降號	gong3 hou6
降音	gong3 jam1
降音符	gong3 jam1 fu4
降雨	gong3 jyu5
鋼琴	gong3 kam4
鋼琴鍵	gong3 kam4 gin6
降落	gong3 lok6
降落傘	gong3 lok6 saan3
降雪	gong3 syut3
割	got3
高速列車	gou1 cuk1 lit6 ce1
糕點	gou1 dim2
高架鐵路	gou1 gaa3 tit3 lou6
高跟鞋	gou1 gan1 haai4
高跟涼鞋	gou1 gan1 loeng4 haai4
高光	gou1 gwong1
高興	gou1 hing3
高陰入	gou1 jam1 jap6
高爾夫	gou1 ji5 fu1
高爾夫球	gou1 ji5 fu1 kau4
高爾夫男	gou1 ji5 fu1 naam4
高爾夫女	gou1 ji5 fu1 neoi5
高球	gou1 kau4
高麗	gou1 lai6
高亮度	gou1 loeng6 dou6
高錳酸鉀	gou1 maang5 syun1 gaap3
高帽	gou1 mou6
高山	gou1 saan1
高鐵	gou1 tit3
高踭鞋	gou1 zaang1 haai4
高踭涼鞋	gou1 zaang1 loeng4 haai4
鎬	gou2
菇	gu1
姑娘	gu1 noeng4
牯	gu2
鼓	gu2
古巴	gu2 baa1
古典建築	gu2 din2 gin3 zuk1
牯牛	gu2 ngau4
鼓掌	gu2 zoeng2
攰	gui6
癐	gui6
穀	guk1
菊	guk1
鞠躬	guk1 gung1
鞠躬男	guk1 gung1 naam4
鞠躬女	guk1 gung1 neoi5
穀類	guk1 leoi6
穀米	guk1 mai5
穀物	guk1 mat6
穀氨酸鈉	guk1 on1 syun1 naap6
穀穗	guk1 seoi6
焗飯	guk6 faan6
焗桑拿	guk6 song1 naa4
棺	gun1
棺材	gun1 coi4
觀光列車	gun1 gwong1 lit6 ce1
棺木	gun1 muk6
罐	gun3
冠軍	gun3 gwan1
灌木	gun3 muk6
罐頭	gun3 tau2
工程師	gung1 cing4 si1
工廠	gung1 cong2
工地	gung1 dei6
公交車	gung1 gaau1 ce1
公交車站	gung1 gaau1 ce1 zaam6
公雞	gung1 gai1
工具箱	gung1 geoi6 soeng1
公公	gung1 gung1
恭喜	gung1 hei2
工人	gung1 jan4
工業區	gung1 jip6 keoi1
公羊	gung1 joeng4
公文包	gung1 man4 baau1
公綿羊	gung1 min4 joeng4
公牛	gung1 ngau4
弓箭	gung1 zin3
恭祝	gung1 zuk1
公主	gung1 zyu2
公公	gung4 gung1
瓜德羅普	gwaa1 dak1 lo4 pou2
瓜皮帽	gwaa1 pei4 mou2
掛曆	gwaa3 lik6
乖巧	gwaai1 haau2
拐杖	gwaai2 zoeng2
拐杖	gwaai2 zoeng6
乖	gwaai3
怪獸	gwaai3 sau3
關島	gwaan1 dou2
關東煮	gwaan1 dung1 zyu2
關機	gwaan1 gei1
關機模式	gwaan1 gei1 mou4 sik1
關引號	gwaan1 jan5 hou6
颳風	gwaat3 fung1
龜	gwai1
圭亞那	gwai1 aa3 naa5
閨蜜	gwai1 mat6
鬼	gwai2
軌道	gwai2 dou6
軌道車	gwai2 dou6 ce1
鬼怪	gwai2 gwaai3
鬼怪	gwai2 gwaan1
鬼臉	gwai2 lim5
鬼馬	gwai2 maa5
鬼面	gwai2 min6
鬼死咁凍	gwai2 sei2 gam3 dung3
軌跡球	gwai2 zik1 kau4
貴賓狗	gwai3 ban1 gau2
貴賓犬	gwai3 ban1 hyun2
季軍	gwai3 gwan1
跪地	gwai6 dei6
跪地男	gwai6 dei6 naam4
跪地女	gwai6 dei6 neoi5
軍功	gwan1 gung1
軍功勳章	gwan1 gung1 fan1 zoeng1
橘	gwat1
骨	gwat1
骨灰	gwat1 fui1
骨灰盒	gwat1 fui1 hap2
骨灰盒	gwat1 fui1 hap6
骨灰瓶	gwat1 fui1 ping4
骨灰甕	gwat1 fui1 ung3
骨灰盅	gwat1 fui1 zung1
橘貓	gwat1 maau1
橘色	gwat1 sik1
骨頭	gwat1 tau4
骨頭肉	gwat1 tau4 juk6
橘子	gwat1 zi2
果汁	gwo2 zap1
過氧化氫	gwo3 joeng5 faa3 hing1
過山車	gwo3 saan1 ce1
國家公園	gwok3 gaa1 gung1 jyun2
國家公園	gwok3 gaa1 gung1 jyun4
蟈蟈	gwok3 gwok3
國際	gwok3 zai3
國際象棋	gwok3 zai3 zoeng6 kei2
國際象棋	gwok3 zai3 zoeng6 kei4
國字框	gwok3 zi6 hong1
光碟	gwong1 dip2
光盤	gwong1 pun2
光頭	gwong1 tau4
光頭佬	gwong1 tau4 lou2
光頭男	gwong1 tau4 naam4
光頭女	gwong1 tau4 neoi5
光環	gwong1 waan4
涓水	gyun1 seoi2
捲髮	gyun2 faat3
捲髮男	gyun2 faat3 naam4
捲髮女	gyun2 faat3 neoi5
卷一	gyun2 jat1
卷二	gyun2 ji6
捲曲環	gyun2 kuk1 waan4
卷三	gyun2 saam1
卷四	gyun2 sei3
卷紙	gyun2 zi2
卷軸	gyun2 zuk6
蝦	haa1
蝦公	haa1 gung1
哈哈	haa1 haa1
哈哈哈	haa1 haa1 haa1
哈哈哈哈	haa1 haa1 haa1 haa1
蝦米	haa1 mai5
哈密瓜	haa1 mat6 gwaa1
蝦尾	haa1 mei5
哈薩克斯坦	haa1 saat3 hak1 si1 taan2
吓	haa2
下	haa6
夏	haa6
下包上	haa6 baau1 soeng6
下包上結構	haa6 baau1 soeng6 git3 gau3
下包上結構	haa6 baau1 soeng6 git3 kau3
下邊	haa6 bin1
下邊	haa6 bin6
下標八	haa6 biu1 baat3
下標七	haa6 biu1 cat1
下標九	haa6 biu1 gau2
下標一	haa6 biu1 jat1
下標二	haa6 biu1 ji6
下標零	haa6 biu1 ling4
下標六	haa6 biu1 luk6
下標五	haa6 biu1 ng5
下標三	haa6 biu1 saam1
下標四	haa6 biu1 sei3
下低	haa6 dai1
下底	haa6 dai2
下凸月	haa6 dat6 jyut6
下跌	haa6 dit3
下方	haa6 fong1
下降	haa6 gong3
下降箭頭	haa6 gong3 zin3 tau4
下跪	haa6 gwai6
下跪男	haa6 gwai6 naam4
下跪女	haa6 gwai6 neoi5
下陰入	haa6 jam1 jap6
下弦月	haa6 jin4 jyut6
下面	haa6 min6
下退	haa6 teoi3
下肢	haa6 zi1
下指	haa6 zi2
下箭頭	haa6 zin3 tau4
鞋拖	haai2 to1
孩童	haai4 tung4
孩子	haai4 zi2
蟹	haai5
客輪	haak3 leon4
喀麥隆	haak3 mak6 lung4
嚇死	haak3 sei2
客棧	haak3 zaan2
客棧	haak3 zaan6
行雷	haang4 leoi4
行雷閃電	haang4 leoi4 sim2 din6
行星	haang4 sing1
敲代碼	haau1 doi6 maa5
敲鼓	haau1 gu2
係	hai6
黑	hak1
黑暗	hak1 am3
黑塊	hak1 faai3
黑方	hak1 fong1
黑人	hak1 jan4
克爾白	hak1 ji5 baak6
黑月亮	hak1 jyut6 loeng6
黑旗	hak1 kei4
黑拳	hak1 kyun2
黑拳	hak1 kyun4
克羅地亞	hak1 lo4 dei6 aa3
黑佬	hak1 lou2
黑貓	hak1 maau1
黑面	hak1 min6
黑妹	hak1 mui1
黑鳥	hak1 niu5
黑三角	hak1 saam1 gok3
黑山	hak1 saan1
黑心	hak1 sam1
黑手	hak1 sau2
黑色	hak1 sik1
黑色大方塊	hak1 sik1 daai6 fong1 faai3
黑色方塊	hak1 sik1 fong1 faai3
黑色方鍵	hak1 sik1 fong1 gin6
黑色方形	hak1 sik1 fong1 jing4
黑色愛心	hak1 sik1 oi3 sam1
黑色三角形	hak1 sik1 saam1 gok3 jing4
黑色小方塊	hak1 sik1 siu2 fong1 faai3
黑色雀仔	hak1 sik1 zoek3 zai2
黑色中方塊	hak1 sik1 zung1 fong1 faai3
黑桃	hak1 tou4
黑子	hak1 zi2
黑雀	hak1 zoek3
坎	ham2
坎卦	ham2 gwaa3
含淚	ham4 leoi6
懇求	han2 kau4
睏	han3
睏覺	han3 gaau3
恨	han6
恨到	han6 dou2
肯亞	hang2 aa3
肯定	hang2 ding6
肯尼亞	hang2 nei4 aa3
行動電話	hang4 dung6 din6 waa2
行人	hang4 jan4
行人禁止	hang4 jan4 gam3 zi2
行人禁止通行	hang4 jan4 gam3 zi2 tung1 hang4
行人男	hang4 jan4 naam4
行人女	hang4 jan4 neoi5
行李	hang4 lei5
行李寄存	hang4 lei5 gei3 cyun4
行李領取	hang4 lei5 ling5 ceoi2
行李箱	hang4 lei5 soeng1
行事曆	hang4 si6 lik6
行星	hang4 sing1
幸運餅乾	hang6 wan6 beng2 gon1
幸運草	hang6 wan6 cou2
幸運曲奇	hang6 wan6 kuk1 kei4
瞌眼睏	hap1 ngaan5 fan3
瞌眼瞓	hap1 ngaan5 fan3
瞌眼睏	hap1 ngaan5 han3
瞌眼睏	hap1 ngaan5 kwan3
瞌睡	hap1 seoi6
合	hap6
盒	hap6
合意	hap6 ji3
合我心水	hap6 ngo5 sam1 seoi2
合心水	hap6 sam1 seoi2
合十	hap6 sap6
盒仔	hap6 zai2
合作	hap6 zok3
合作愉快	hap6 zok3 jyu4 faai3
乞嗤	hat1 ci1
乞巧	hat1 haau2
乞巧節	hat1 haau2 zit3
口紅	hau2 hung4
口罩	hau2 zaau3
口字框	hau2 zi6 hong1
猴	hau4
猴頭	hau4 tau4
後退	hau6 teoi3
豨	hei1
嘻嘻	hei1 hei1
希臘	hei1 laap6
起始符	hei2 ci2 fu4
起飛	hei2 fei1
起火	hei2 fo2
喜歡	hei2 fun1
喜歡你	hei2 fun1 nei5
戲	hei3
汽車	hei3 ce1
戲法	hei3 faat3
戲法男	hei3 faat3 naam4
戲法女	hei3 faat3 neoi5
氣憤	hei3 fan5
戲院	hei3 jyun2
氣球	hei3 kau4
氣泡	hei3 paau1
氣泡	hei3 pou5
戲耍	hei3 saa2
汽水	hei3 seoi2
氣旋	hei3 syun4
喫飯	hek3 faan6
喫驚	hek3 geng1
喫麪	hek3 min6
噓	heoi1
虛缺	heoi1 kyut3
虛僞	heoi1 ngai6
許可	heoi2 ho2
許願樹	heoi2 jyun6 syu6
險	him2
牽手	hin1 sau2
䘆	hin2
顯微鏡	hin2 mei4 geng3
顯示器	hin2 si6 hei3
顯示屏	hin2 si6 ping4
氫氟酸	hing1 fat1 syun1
輕軌	hing1 gwai2
輕軌電車	hing1 gwai2 din6 ce1
氫氣	hing1 hei3
氫氧化亞鐵	hing1 joeng5 faa3 aa3 tit3
氫氧化鋇	hing1 joeng5 faa3 bui3
氫氧化鈣	hing1 joeng5 faa3 gaap3
氫氧化鉀	hing1 joeng5 faa3 gaap3
氫氧化鋰	hing1 joeng5 faa3 lei5
氫氧化鋁	hing1 joeng5 faa3 leoi5
氫氧化鎂	hing1 joeng5 faa3 mei5
氫氧化鈉	hing1 joeng5 faa3 naap6
氫氧化銨	hing1 joeng5 faa3 on2
氫氧化鐵	hing1 joeng5 faa3 tit3
氫氧化銅	hing1 joeng5 faa3 tung4
慶典	hing3 din2
慶祝	hing3 zuk1
協	hip3
蠍	hit3
蠍子	hit3 zi2
囂	hiu1
梟	hiu1
鴞	hiu1
囂張	hiu1 zoeng1
可	ho2
可可愛愛	ho2 ho2 oi3 oi3
可以	ho2 ji5
可憐	ho2 lin4
可樂	ho2 lok6
可愛	ho2 oi3
可惜	ho2 sik1
可惜貓	ho2 sik1 maau1
可回收	ho2 wui4 sau1
荷	ho4
荷蘭	ho4 laan1
河馬	ho4 maa5
荷屬聖馬丁	ho4 suk6 sing3 maa5 ding1
河豚	ho4 tyun4
賀禮	ho6 lai5
靴	hoe1
香檳	hoeng1 ban1
香梘	hoeng1 gaan2
香港	hoeng1 gong2
香菇	hoeng1 gu1
香瓜	hoeng1 gwaa1
香菸	hoeng1 jin1
香鍋	hoeng1 wo1
香蕉	hoeng1 ziu1
響鈴	hoeng2 ling4
享受	hoeng2 sau6
向前刪	hoeng3 cin4 saan1
向前刪除	hoeng3 cin4 saan1 ceoi4
向前跳	hoeng3 cin4 tiu3
向下	hoeng3 haa6
向下箭頭	hoeng3 haa6 zin3 tau4
向後刪	hoeng3 hau6 saan1
向後刪除	hoeng3 hau6 saan1 ceoi4
向後跳	hoeng3 hau6 tiu3
向日葵	hoeng3 jat6 kwai4
向右	hoeng3 jau6
向右刪	hoeng3 jau6 saan1
向右刪除	hoeng3 jau6 saan1 ceoi4
向右推	hoeng3 jau6 teoi1
向右回轉	hoeng3 jau6 wui4 zyun2
向右箭頭	hoeng3 jau6 zin3 tau4
向上	hoeng3 soeng6
向上箭頭	hoeng3 soeng6 zin3 tau4
向左	hoeng3 zo2
向左刪	hoeng3 zo2 saan1
向左刪除	hoeng3 zo2 saan1 ceoi4
向左推	hoeng3 zo2 teoi1
向左回轉	hoeng3 zo2 wui4 zyun2
向左箭頭	hoeng3 zo2 zin3 tau4
開波	hoi1 bo1
開始播放	hoi1 ci2 bo3 fong3
開始暫停	hoi1 ci2 zaam6 ting4
開槍	hoi1 coeng1
開發者	hoi1 faat3 ze2
開香檳	hoi1 hoeng1 ban1
開引號	hoi1 jan5 hou6
開啓箭頭	hoi1 kai2 zin3 tau4
開曼	hoi1 maan6
開曼羣島	hoi1 maan6 kwan4 dou2
開眼𡃶	hoi1 ngaan5 sek3
開心	hoi1 sam1
開鎖	hoi1 so2
開懷大笑	hoi1 waai4 daai6 siu3
海貝	hoi2 bui3
海地	hoi2 dei6
海島	hoi2 dou2
海盜	hoi2 dou6
海盜旗	hoi2 dou6 kei4
海關	hoi2 gwaan1
海龜	hoi2 gwai1
海狸	hoi2 lei4
海螺	hoi2 lo4
海浪	hoi2 long6
海綿	hoi2 min4
海豹	hoi2 paau3
海灘	hoi2 taan1
海豚	hoi2 tyun4
海蜇	hoi2 zit3
孩童	hoi4 tung4
孩子	hoi4 zi2
殼	hok3
學校	hok6 haau6
學生	hok6 saang1
學士帽	hok6 si6 mou6
漢堡	hon3 bou2
漢堡包	hon3 bou2 baau1
韓	hon4
韓幣	hon4 bai6
韓國	hon4 gwok3
韓元	hon4 jyun4
旱菸	hon5 jin1
汗顏	hon6 ngaan4
筐	hong1
航天員	hong4 tin1 jyun4
項	hong6
褐	hot3
褐心	hot3 sam1
褐色	hot3 sik1
褐色愛心	hot3 sik1 oi3 sam1
好	hou2
好抵力	hou2 dai2 lik6
好凍	hou2 dung3
好勁	hou2 ging6
好攰	hou2 gui6
好癐	hou2 gui6
好恨	hou2 han6
好開心	hou2 hoi1 sam1
好好喫	hou2 hou2 jaak3
好好味	hou2 hou2 mei6
好好食	hou2 hou2 sik6
好喫	hou2 jaak3
好嘢	hou2 je5
好熱	hou2 jit6
好掯	hou2 kang3
好冷	hou2 laang5
好辣	hou2 laat6
好冧	hou2 lam1
好叻	hou2 lek1
好美味	hou2 mei5 mei6
好味	hou2 mei6
好嬲	hou2 nau1
好惱	hou2 nau1
好噁心	hou2 ok3 sam1
好食	hou2 sik6
好笑	hou2 siu3
好玩	hou2 waan2
好核突	hou2 wat6 dat6
好奇	hou3 kei4
耗盡	hou3 zeon6
蠔	hou4
號角	hou6 gok3
哭	huk1
哭哭	huk1 huk1
哭泣	huk1 jap1
哭笑	huk1 siu3
哭笑不得	huk1 siu3 bat1 dak1
空	hung1
空白	hung1 baak6
空罐	hung1 gun3
箜篌	hung1 hau4
空缺	hung1 kyut3
匈牙利	hung1 ngaa4 lei6
空瓶	hung1 ping4
空集	hung1 zaap6
空樽	hung1 zeon1
恐怖	hung2 bou3
恐懼	hung2 geoi6
恐懼貓	hung2 geoi6 maau1
恐龍	hung2 lung4
孔雀	hung2 zoek2
孔雀	hung2 zoek3
孔雀開屏	hung2 zoek3 hoi1 ping4
控制	hung3 zai3
控制旋鈕	hung3 zai3 syun4 nau2
熊	hung4
紅	hung4
虹	hung4
紅包	hung4 baau1
紅菜頭	hung4 coi3 tau4
紅豆	hung4 dau2
紅豆	hung4 dau6
洪都拉斯	hung4 dou1 laai1 si1
紅髮	hung4 faat3
紅髮妹	hung4 faat3 mui1
紅髮男	hung4 faat3 naam4
紅髮女	hung4 faat3 neoi5
紅髮女郎	hung4 faat3 neoi5 long4
雄雞	hung4 gai1
紅䘆	hung4 hin2
紅䘆	hung4 hyun2
紅葉	hung4 jip6
紅辣椒	hung4 laat6 ziu1
紅蘿蔔	hung4 lo4 baak6
紅綠燈	hung4 luk6 dang1
熊貓	hung4 maau1
熊貓頭	hung4 maau1 tau4
紅毛猩猩	hung4 mou4 sing1 sing1
紅蘋果	hung4 ping4 gwo2
紅三角	hung4 saam1 gok3
紅心	hung4 sam1
紅脣	hung4 seon4
紅色	hung4 sik1
紅色下三角	hung4 sik1 haa6 saam1 gok3
紅色愛心	hung4 sik1 oi3 sam1
紅色三角	hung4 sik1 saam1 gok3
紅色上三角	hung4 sik1 soeng6 saam1 gok3
紅色書本	hung4 sik1 syu1 bun2
紅猩猩	hung4 sing1 sing1
紅書	hung4 syu1
紅薯	hung4 syu4
熊頭	hung4 tau4
紅酒	hung4 zau2
紅椒	hung4 ziu1
紅中	hung4 zung1
圈	hyun1
圈餅	hyun1 beng2
䘆	hyun2
犬	hyun2
犬字邊	hyun2 zi6 bin1
犬字旁	hyun2 zi6 pong4
血滴	hyut3 dik1
血液型號	hyut3 jik6 jing4 hou6
血型	hyut3 jing4
也門	jaa5 mun4
廿	jaa6
廿八	jaa6 baat3
廿七	jaa6 cat1
廿九	jaa6 gau2
廿一	jaa6 jat1
廿二	jaa6 ji6
廿六	jaa6 luk6
廿五	jaa6 ng5
廿三	jaa6 saam1
廿四	jaa6 sei3
踩單車	jaai2 daan1 ce1
喫飯	jaak3 faan6
曳曳	jai1 jai1
陰	jam1
陰暗	jam1 am3
音符	jam1 fu4
陰去	jam1 heoi3
陰險	jam1 him2
陰入	jam1 jap6
陰陽	jam1 joeng4
音樂	jam1 ngok6
音樂鍵盤	jam1 ngok6 gin6 pun2
陰平	jam1 ping4
陰溼	jam1 sap1
陰上	jam1 soeng5
飲	jam2
飲品	jam2 ban2
飲杯	jam2 bui1
飲茶	jam2 caa4
飲咖啡	jam2 gaa3 fe1
飲管	jam2 gun2
飲用水	jam2 jung6 seoi2
飲料	jam2 liu2
飲料	jam2 liu6
飲奶	jam2 naai5
飲勝	jam2 sing3
飲筒	jam2 tung2
飲酒	jam2 zau2
飲牛奶	jam3 ngau4 naai5
妊娠	jam6 san1
妊娠人士	jam6 san1 jan4 si6
妊娠男	jam6 san1 naam4
因爲	jan1 wai6
因住	jan1 zyu6
隱秘	jan2 bei3
忍淚	jan2 leoi6
忍受	jan2 sau6
隱私	jan2 si1
忍者	jan2 ze2
印	jan3
印表機	jan3 biu2 gei1
印度	jan3 dou6
印度廟	jan3 dou6 miu6
印度尼西亞	jan3 dou6 nei4 sai1 aa3
印尼	jan3 nei4
人魚	jan4 jyu4
人民幣	jan4 man4 bai6
人面鴞	jan4 min6 hiu1
人字邊	jan4 zi6 bin1
人字旁	jan4 zi6 pong4
人字梯	jan4 zi6 tai1
人字拖	jan4 zi6 to1
人造衛星	jan4 zou6 wai6 sing1
孕婦	jan6 fu5
邑部	jap1 bou6
熠熠星光	jap1 jap1 sing1 gwong1
邑字邊	jap1 zi6 bin1
邑字旁	jap1 zi6 pong4
入場券	jap6 coeng4 gyun3
入場券	jap6 coeng4 hyun3
入電話	jap6 din6 waa2
入油	jap6 jau2
一	jat1
一百	jat1 baak3
一百分	jat1 baak3 fan1
一次方	jat1 ci3 fong1
一啖菸	jat1 daam6 jin1
一點	jat1 dim2
一點半	jat1 dim2 bun3
一點正	jat1 dim2 zing3
一點鐘	jat1 dim2 zung1
一涿屎	jat1 duk1 si2
一家三口	jat1 gaa1 saam1 hau2
一家四口	jat1 gaa1 sei3 hau2
一階導	jat1 gaai1 dou6
一階導數	jat1 gaai1 dou6 sou3
一鍵	jat1 gin6
一個人	jat1 go3 jan4
一口菸	jat1 hau2 jin1
一人	jat1 jan4
一氧化氮	jat1 joeng5 faa3 daam6
一氧化二氫	jat1 joeng5 faa3 ji6 hing1
一氧化碳	jat1 joeng5 faa3 taan3
一語中的	jat1 jyu5 zung3 dik1
一拳	jat1 kyun4
一萬	jat1 maan6
一索	jat1 sok3
一頭霧水	jat1 tau4 mou6 seoi2
一條蟲	jat1 tiu4 cung4
一筒	jat1 tung4
一畫	jat1 waak6
一鑊熟	jat1 wok6 suk6
一支菸	jat1 zi1 jin1
一箭穿心	jat1 zin3 cyun1 sam1
日	jat6
日本	jat6 bun2
日本白花	jat6 bun2 baak6 faa1
日本清酒	jat6 bun2 cing1 zau2
日本地圖	jat6 bun2 dei6 tou4
日本服務標誌	jat6 bun2 fuk6 mou6 biu1 zi3
日本交叉旗	jat6 bun2 gaau1 caa1 kei4
日本建築	jat6 bun2 gin3 zuk1
日本國	jat6 bun2 gwok3
日本郵局	jat6 bun2 jau4 guk2
日本郵局	jat6 bun2 jau4 guk6
日本交叉旗	jat6 bun2 kaau1 caa1 kei4
日本女兒節	jat6 bun2 neoi5 ji4 zit3
日本年號	jat6 bun2 nin4 hou6
日本神社	jat6 bun2 san4 se5
日本城堡	jat6 bun2 sing4 bou2
日本糰子	jat6 bun2 tyun4 zi2
日出	jat6 ceot1
日語此處	jat6 jyu5 ci2 cyu3
日元	jat6 jyun4
日曆	jat6 lik6
日落	jat6 lok6
日文此處	jat6 man2 ci2 cyu3
日文此處	jat6 man4 ci2 cyu3
日暮	jat6 mou6
日式便當	jat6 sik1 bin6 dong3
日式建築	jat6 sik1 gin3 zuk1
日式郵局	jat6 sik1 jau4 guk2
日式郵局	jat6 sik1 jau4 guk6
日式城堡	jat6 sik1 sing4 bou2
休	jau1
優	jau1
休閒車	jau1 haan4 ce1
蚯蚓	jau1 jan5
休旅車	jau1 leoi5 ce1
憂慮	jau1 leoi6
幽靈	jau1 ling4
憂傷	jau1 soeng1
憂鬱	jau1 wat1
幼	jau3
幼苗	jau3 miu4
幼芽	jau3 ngaa4
游	jau4
魷	jau4
油泵	jau4 bam1
油燈	jau4 dang1
油橄欖	jau4 gam2 laam5
郵件	jau4 gin2
郵件	jau4 gin6
油角	jau4 gok3
郵局	jau4 guk2
郵局	jau4 guk6
遊戲牌	jau4 hei3 paai4
遊戲手柄	jau4 hei3 sau2 beng3
魷魚	jau4 jyu4
郵輪	jau4 leon4
遊樂場	jau4 lok6 coeng4
遊樂園	jau4 lok6 jyun4
游水	jau4 seoi2
游水男	jau4 seoi2 naam4
游水女	jau4 seoi2 neoi5
郵箱	jau4 soeng1
猶太	jau4 taai3
猶太教	jau4 taai3 gaau3
猶太教堂	jau4 taai3 gaau3 tong2
猶太教堂	jau4 taai3 gaau3 tong4
猶太燭檯	jau4 taai3 zuk1 toi4
油桶	jau4 tung2
郵筒	jau4 tung2
游泳	jau4 wing6
游泳圈	jau4 wing6 hyun1
游泳男	jau4 wing6 naam4
游泳女	jau4 wing6 neoi5
油炸蝦	jau4 zaa3 haa1
油炸圈	jau4 zaa3 hyun1
油站	jau4 zaam6
郵政號角	jau4 zing3 hou6 gok3
有	jau5
有請	jau5 ceng2
有請	jau5 cing2
有毒	jau5 duk6
有軌電車	jau5 gwai2 din6 ce1
有型	jau5 jing4
有理數	jau5 lei5 sou3
有力	jau5 lik6
有來信	jau5 loi4 seon3
右	jau6
右包左	jau6 baau1 zo2
右包左結構	jau6 baau1 zo2 git3 gau3
右包左結構	jau6 baau1 zo2 git3 kau3
右邊	jau6 bin1
右邊	jau6 bin6
右單引號	jau6 daan1 jan5 hou6
右下	jau6 haa6
右下包左上	jau6 haa6 baau1 zo2 soeng6
右下包左上結構	jau6 haa6 baau1 zo2 soeng6 git3 gau3
右下包左上結構	jau6 haa6 baau1 zo2 soeng6 git3 kau3
右下環繞	jau6 haa6 waan4 jiu2
右下箭頭	jau6 haa6 zin3 tau4
右引號	jau6 jan5 hou6
右耳邊	jau6 ji5 bin1
右耳旁	jau6 ji5 pong4
右拳	jau6 kyun4
右面	jau6 min6
右雙引號	jau6 soeng1 jan5 hou6
右上	jau6 soeng6
右上包左下	jau6 soeng6 baau1 zo2 haa6
右上包左下結構	jau6 soeng6 baau1 zo2 haa6 git3 gau3
右上包左下結構	jau6 soeng6 baau1 zo2 haa6 git3 kau3
右上環繞	jau6 soeng6 waan4 jiu2
右上箭頭	jau6 soeng6 zin3 tau4
右指	jau6 zi2
右箭頭	jau6 zin3 tau4
㖿	je1
椰	je4
椰青	je4 ceng1
椰青	je4 cing1
椰菜花	je4 coi3 faa1
爺爺	je4 je2
爺爺	je4 je4
椰樹	je4 syu6
椰子	je4 zi2
椰子樹	je4 zi2 syu6
野營	je5 jing4
野鹿	je5 luk2
野鹿	je5 luk6
野牛	je5 ngau4
野豬	je5 zyu1
野豬頭	je5 zyu1 tau4
夜	je6
夜橋	je6 kiu4
夜晚	je6 maan5
夜晚黑	je6 maan5 hak1
衣服	ji1 fuk6
醫院	ji1 jyun2
伊拉克	ji1 laai1 hak1
醫療車	ji1 liu4 ce1
伊朗	ji1 long5
醫生	ji1 sang1
伊斯蘭	ji1 si1 laan4
伊斯蘭教	ji1 si1 laan4 gaau3
伊斯蘭教堂	ji1 si1 laan4 gaau3 tong2
伊斯蘭教堂	ji1 si1 laan4 gaau3 tong4
衣裳	ji1 soeng4
醫護	ji1 wu6
醫護人員	ji1 wu6 jan4 jyun4
衣字邊	ji1 zi6 bin1
衣字旁	ji1 zi6 pong4
意	ji3
意大利	ji3 daai6 lei6
意大利薄餅	ji3 daai6 lei6 bok6 beng2
意大利粉	ji3 daai6 lei6 fan2
意大利餡餅	ji3 daai6 lei6 haam6 beng2
意大利麪	ji3 daai6 lei6 min6
意大利手勢	ji3 daai6 lei6 sau2 sai3
意粉	ji3 fan2
意麪	ji3 min6
移動電話	ji4 dung6 din6 waa2
疑問	ji4 man6
兒童	ji4 tung4
兒童不宜	ji4 tung4 bat1 ji4
疑惑	ji4 waak6
耳	ji5
耳朵	ji5 do2
耳朵	ji5 doe2
耳機	ji5 gei1
耳聾	ji5 lung4
耳聾男	ji5 lung4 naam4
耳聾女	ji5 lung4 neoi5
以色列	ji5 sik1 lit6
耳仔	ji5 zai2
耳仔邊	ji5 zai2 bin1
二	ji6
二次方	ji6 ci3 fong1
二次方根	ji6 ci3 fong1 gan1
二次根	ji6 ci3 gan1
二次根號	ji6 ci3 gan1 hou6
二重積分	ji6 cung4 zik1 fan1
二分之一	ji6 fan6 zi1 jat1
二階導	ji6 gaai1 dou6
二階導數	ji6 gaai1 dou6 sou3
二鍵	ji6 gin6
二氧化氮	ji6 joeng5 faa3 daam6
二氧化硅	ji6 joeng5 faa3 gwai1
二氧化氫	ji6 joeng5 faa3 hing1
二氧化硫	ji6 joeng5 faa3 lau4
二氧化錳	ji6 joeng5 faa3 maang5
三氧化二鐵	ji6 joeng5 faa3 saam1 tit3
二氧化碳	ji6 joeng5 faa3 taan3
二萬	ji6 maan6
二十	ji6 sap6
二十八	ji6 sap6 baat3
二十七	ji6 sap6 cat1
二十九	ji6 sap6 gau2
二十一	ji6 sap6 jat1
二十二	ji6 sap6 ji6
二十六	ji6 sap6 luk6
二十五	ji6 sap6 ng5
二十三	ji6 sap6 saam1
二十四	ji6 sap6 sei3
二師兄	ji6 si1 hing1
二索	ji6 sok3
二頭肌	ji6 tau4 gei1
二筒	ji6 tung4
異或	ji6 waak6
義肢	ji6 zi1
翼	jik6
液滴	jik6 dik1
逆時針	jik6 si4 zam1
逆時針方向	jik6 si4 zam1 fong1 hoeng3
逆時針箭頭	jik6 si4 zam1 zin3 tau4
閹牛	jim1 ngau4
厭倦	jim3 gyun6
鹽	jim4
嚴禁	jim4 gam3
嚴禁抌垃圾	jim4 gam3 dam2 laap6 saap3
嚴禁吸菸	jim4 gam3 kap1 jin1
嚴禁亂拋垃圾	jim4 gam3 lyun6 paau1 laap6 saap3
嫌棄	jim4 hei3
鹽酸	jim4 syun1
鹽樽	jim4 zeon1
菸	jin1
煙花	jin1 faa1
煙肉	jin1 juk6
演講	jin2 gong2
㬫	jin3
曣	jin3
燕	jin3
燕尾服	jin3 mei5 fuk6
燕尾服男	jin3 mei5 fuk6 naam4
燕尾服女	jin3 mei5 fuk6 neoi5
燕子	jin3 zi2
弦月	jin4 jyut6
燃燒	jin4 siu1
言字邊	jin4 zi6 bin1
言字旁	jin4 zi6 pong4
嬰	jing1
櫻	jing1
英	jing1
鷹	jing1
鸚	jing1
英鎊	jing1 bong6
櫻花	jing1 faa1
英格蘭	jing1 gaak3 laan4
英吉利	jing1 gat1 lei6
英國	jing1 gwok3
英雄	jing1 hung4
嬰兒	jing1 ji4
嬰兒天使	jing1 ji4 tin1 si3
英文鍵盤	jing1 man2 gin6 pun2
英文輸入	jing1 man2 syu1 jap6
鸚鵡	jing1 mou5
英屬處女羣島	jing1 suk6 cyu2 neoi5 kwan4 dou2
英屬印度洋領地	jing1 suk6 jan3 dou6 joeng4 ling5 dei6
英屬維京羣島	jing1 suk6 wai4 ging1 kwan4 dou2
櫻桃	jing1 tou4
鷹嘴豆餅	jing1 zeoi2 dau2 beng2
影相	jing2 soeng2
影相機	jing2 soeng2 gei1
影相	jing2 soeng3
影相機	jing2 soeng3 gei1
型	jing4
營	jing4
蠅	jing4
盈凸月	jing4 dat6 jyut6
熱	jit6
熱情	jit6 cing4
熱帶魚	jit6 daai3 jyu4
熱咖啡	jit6 gaa3 fe1
熱狗	jit6 gau2
熱香餅	jit6 hoeng1 beng2
熱飲	jit6 jam2
熱辣	jit6 laat6
熱心	jit6 sam1
熱死	jit6 sei2
日頭	jit6 tau2
日頭	jit6 tau4
鷂	jiu2
搖滾手勢	jiu4 gwan2 sau2 sai3
搖頭	jiu4 tau4
鷂	jiu6
約旦	joek3 daan3
約等	joek3 dang2
約等號	joek3 dang2 hou6
約等於	joek3 dang2 jyu1
約等如	joek3 dang2 jyu4
藥	joek6
藥草	joek6 cou2
若有所思	joek6 jau5 so2 si1
藥丸	joek6 jyun2
藥水膠布	joek6 seoi2 gaau1 bou3
央求	joeng1 kau4
羊	joeng4
洋蔥	joeng4 cung1
洋菇	joeng4 gu1
陽光	joeng4 gwong1
陽去	joeng4 heoi3
陽入	joeng4 jap6
陽平	joeng4 ping4
揚手	joeng4 sau2
揚聲器	joeng4 sing1 hei3
陽上	joeng4 soeng5
羊駝	joeng4 to4
洋芋	joeng4 wu6
氧化亞鐵	joeng5 faa3 aa3 tit3
氧化亞銅	joeng5 faa3 aa3 tung4
氧化鋇	joeng5 faa3 bui3
氧化鉀	joeng5 faa3 gaap3
氧化鉛	joeng5 faa3 jyun4
氧化鋁	joeng5 faa3 leoi5
氧化鎂	joeng5 faa3 mei5
氧化鈉	joeng5 faa3 naap6
氧化銀	joeng5 faa3 ngan4
氧化鐵	joeng5 faa3 tit3
氧化銅	joeng5 faa3 tung4
氧氣	joeng5 hei3
肉	juk6
玉部	juk6 bou6
浴缸	juk6 gong1
肉骨	juk6 gwat1
玉米	juk6 mai5
玉米粉蒸肉	juk6 mai5 fan2 zing1 juk6
玉兔	juk6 tou3
玉字邊	juk6 zi6 bin1
玉字旁	juk6 zi6 pong4
玉足	juk6 zuk1
擁抱	jung2 pou5
熔化	jung4 faa3
融化	jung4 faa3
用餐	jung6 caan1
用膳	jung6 sin6
漁	jyu4
魚	jyu4
魚板	jyu4 baan2
魚餅	jyu4 beng2
如廁	jyu4 ci3
蠕蟲	jyu4 cung4
魚人	jyu4 jan4
魚類	jyu4 leoi6
魚生	jyu4 saang1
魚仔	jyu4 zai2
羽	jyu5
雨	jyu5
雨具	jyu5 geoi6
宇航員	jyu5 hong4 jyun4
乳液瓶	jyu5 jik6 ping4
語言	jyu5 jin4
乳酪	jyu5 lok3
羽毛	jyu5 mou4
羽毛球	jyu5 mou4 kau4
雨傘	jyu5 saan3
語塞	jyu5 sak1
雨水	jyu5 seoi2
雨雪	jyu5 syut3
鳶尾	jyun1 mei5
鳶尾花	jyun1 mei5 faa1
圓	jyun4
鉛筆	jyun4 bat1
完全同意	jyun4 cyun4 tung4 ji3
完全正確	jyun4 cyun4 zing3 kok3
懸浮	jyun4 fau4
懸浮列車	jyun4 fau4 lit6 ce1
圓角矩形	jyun4 gok3 geoi2 jing4
員工	jyun4 gung1
圓圈	jyun4 hyun1
圓形	jyun4 jing4
完美	jyun4 mei5
玄鳥	jyun4 niu5
眩暈	jyun4 wan4
圓周率	jyun4 zau1 leot2
圓周率	jyun4 zau1 leot6
原子	jyun4 zi2
原子筆	jyun4 zi2 bat1
原子符號	jyun4 zi2 fu4 hou6
原子能	jyun4 zi2 nang4
圓珠筆	jyun4 zyu1 bat1
遠大於	jyun5 daai6 jyu1
軟碟	jyun5 dip2
軟盤	jyun5 pun2
遠小於	jyun5 siu2 jyu1
眩暈	jyun6 wan4
乙烷	jyut3 jyun4
乙炔	jyut3 kyut3
乙醇	jyut3 seon4
乙酸	jyut3 syun1
月	jyut6
月餅	jyut6 beng2
閱讀	jyut6 duk6
月黑風高	jyut6 hak1 fung1 gou1
越野車	jyut6 je5 ce1
閱覽	jyut6 laam5
月亮	jyut6 loeng6
越南	jyut6 naam4
月牙	jyut6 ngaa4
月兔	jyut6 tou3
卡	kaa1
卡片索引	kaa1 pin2 saak3 jan5
卡塔爾	kaa1 taap3 ji5
卡	kaat1
卡片索引	kaat1 pin2 saak3 jan5
咭片索引	kaat1 pin2 saak3 jan5
交叉	kaau1 caa1
交叉旗	kaau1 caa1 kei4
交叉手指	kaau1 caa1 sau2 zi2
啓用箭頭	kai2 jung6 zin3 tau4
𢫏	kam2
琴	kam4
琴鍵	kam4 gin6
蠄蟧	kam4 lou2
蠄蟧	kam4 lou4
蠄蟧網	kam4 lou4 mong5
蠄蟧絲網	kam4 lou4 si1 mong1
掯	kang3
吸管	kap1 gun2
吸血鬼	kap1 hyut3 gwai2
吸菸	kap1 jin1
購物	kau3 mat6
購物車	kau3 mat6 ce1
購物袋	kau3 mat6 doi2
釦針	kau3 zam1
求導	kau4 dou6
求救	kau4 gau3
球鞋	kau4 haai4
球門	kau4 mun4
求和	kau4 wo4
求和符號	kau4 wo4 fu4 hou6
求積	kau4 zik1
求積符號	kau4 zik1 fu4 hou6
茄	ke2
茄瓜	ke2 gwaa1
茄子	ke2 zi2
騎行	ke4 hang4
騎馬	ke4 maa5
騎行	kei4 hang4
奇異果	kei4 ji6 gwo2
祈禱	kei4 tou2
企	kei5
企人邊	kei5 jan2 bin1
企人邊	kei5 jan4 bin1
企人旁	kei5 jan4 pong4
企鵝頭	kei5 ngo2 tau4
企鵝	kei5 ngo4
拒馬	keoi5 maa5
拒絕	keoi5 zyut6
乾	kin4
乾卦	kin4 gwaa3
傾倒	king1 dou2
傾偈	king1 gai2
傾計	king1 gai2
鯨	king4
鯨魚	king4 jyu4
蠍	kit3
蠍子	kit3 zi2
轎車	kiu2 ce1
橋	kiu4
喬木	kiu4 muk6
繑絲邊	kiu5 si1 bin1
強有力	koeng4 jau5 lik6
強壯	koeng4 zong3
蓋飯	koi3 faan6
抗拒	kong3 keoi5
繪畫	kui2 waa2
繪畫	kui3 waa6
繪畫	kui3 waak6
曲別針	kuk1 bit6 zam1
曲棍球	kuk1 gwan3 kau4
曲奇	kuk1 kei4
蛐蛐	kuk1 kuk1
曲譜	kuk1 pou2
跨性別	kwaa1 sing3 bit6
跨性別旗	kwaa1 sing3 bit6 kei4
挎包	kwaa3 baau1
筐	kwaang1
盔	kwai1
窺	kwai1
虧凸月	kwai1 dat6 jyut6
窺視	kwai1 si6
葵花	kwai4 faa1
葵扇	kwai4 sin3
坤	kwan1
坤卦	kwan1 gwaa3
菌	kwan2
睏	kwan3
睏覺	kwan3 gaau3
困擾	kwan3 jiu5
裙	kwan4
擴音器	kwok3 jam1 hei3
擴音器	kwong3 jam1 hei3
拳	kyun4
拳擊	kyun4 gik1
拳頭	kyun4 tau4
噘嘴	kyut3 zeoi2
噘嘴男	kyut3 zeoi2 naam4
噘嘴女	kyut3 zeoi2 neoi5
缺字	kyut3 zi6
啦啦隊	laa1 laa1 deoi2
喇叭	laa3 baa1
拉丁十字	laai1 ding1 sap6 zi6
拉拉	laai1 laai1
拉鍊	laai1 lin2
拉脫維亞	laai1 tyut3 wai4 aa3
籃	laam4
藍	laam4
藍啤梨	laam4 be1 lei2
藍草莓	laam4 cou2 mui4
籃筐	laam4 hong1
籃球	laam4 kau4
籃球男	laam4 kau4 naam4
籃球女	laam4 kau4 neoi5
籃筐	laam4 kwaang1
藍莓	laam4 mui4
藍心	laam4 sam1
藍色	laam4 sik1
藍色大階磚	laam4 sik1 daai6 gaai1 zyun1
藍色大菱形	laam4 sik1 daai6 ling4 jing4
藍色愛心	laam4 sik1 oi3 sam1
藍色小階磚	laam4 sik1 siu2 gaai1 zyun1
藍色小菱形	laam4 sik1 siu2 ling4 jing4
藍色書本	laam4 sik1 syu1 bun2
藍書	laam4 syu1
攬攬	laam5 laam5
纜車	laam6 ce1
讕叻	laan2 lek1
蘭	laan4
冷	laang5
冷飲	laang5 jam2
冷漠	laang5 mok6
蠟筆	laap6 bat1
垃圾	laap6 saap3
垃圾籃	laap6 saap3 laam1
垃圾籃	laap6 saap3 laam4
垃圾簍	laap6 saap3 lau4
垃圾箱	laap6 saap3 soeng1
垃圾桶	laap6 saap3 tung2
垃圾筒	laap6 saap3 tung2
垃圾筒	laap6 saap3 tung4
蠟燭	laap6 zuk1
辣	laat6
辣薑	laat6 goeng1
辣椒	laat6 ziu1
黎巴嫩	lai4 baa1 nyun6
禮拜堂	lai5 baai3 tong4
禮賓花	lai5 ban1 faa1
禮品	lai5 ban2
禮品盒	lai5 ban2 hap6
禮服	lai5 fuk6
禮盒	lai5 hap2
禮盒	lai5 hap6
禮物	lai5 mat6
禮帽	lai5 mou6
利是	lai6 si6
冧	lam1
冧你	lam1 nei5
立刀旁	lap6 dou1 pong4
立方	lap6 fong1
立方根	lap6 fong1 gan1
立陶宛	lap6 tou4 jyun2
硫化氫	lau4 faa3 hing1
硫化鈉	lau4 faa3 hing1
硫化銅	lau4 faa3 tung4
螻蛄	lau4 gu1
流口水	lau4 hau2 seoi2
流汗	lau4 hon6
流汗笑	lau4 hon6 siu3
流血	lau4 hyut3
流淚	lau4 leoi6
流淚貓	lau4 leoi6 maau1
流淚眼	lau4 leoi6 ngaan5
留尼旺	lau4 nei4 wong6
流星	lau4 sing1
硫酸	lau4 syun1
硫酸亞鐵	lau4 syun1 aa3 tit3
硫酸鋇	lau4 syun1 bui3
硫酸鉀	lau4 syun1 gaap3
硫酸氫鉀	lau4 syun1 hing1 gaap3
硫酸氫鈉	lau4 syun1 hing1 naap6
硫酸鈣	lau4 syun1 koi3
硫酸鋁	lau4 syun1 leoi5
硫酸鎂	lau4 syun1 mei5
硫酸鈉	lau4 syun1 naap6
硫酸銨	lau4 syun1 on2
硫酸鐵	lau4 syun1 tit3
硫酸銅	lau4 syun1 tung4
漏斗	lau6 dau2
溜溜球	lau6 lau6 kau4
梨	lei4
狸	lei4
離	lei4
離卦	lei4 gwaa3
理髮	lei5 faat3
理髮店	lei5 faat3 dim3
鯉魚旗	lei5 jyu4 kei4
脷	lei6
利比亞	lei6 bei2 aa3
利比里亞	lei6 bei2 lei5 aa3
利是	lei6 si6
叻	lek1
叻叻豬	lek1 lek1 zyu1
靚女	leng3 neoi2
靚女	leng3 neoi5
靚仔	leng3 zai2
嶺	leng5
驢	leoi4
雷暴	leoi4 bou6
雷達	leoi4 daat6
雷電	leoi4 din6
擂鼓	leoi4 gu2
雷雨	leoi4 jyu5
驢仔	leoi4 zai2
雷陣雨	leoi4 zan6 jyu5
累加	leoi5 gaa1
累加符號	leoi5 gaa1 fu4 hou6
旅館	leoi5 gun2
壘球	leoi5 kau4
淚流滿面	leoi6 lau4 mun5 min6
淚眼	leoi6 ngaan5
淚眼汪汪	leoi6 ngaan5 wong1 wong1
輪	leon4
輪渡	leon4 dou6
輪椅	leon4 ji2
輪椅人	leon4 ji2 jan4
輪椅男	leon4 ji2 naam4
輪椅女	leon4 ji2 neoi5
倫琴射線	leon4 kam4 se6 sin3
磷酸	leon4 syun1
磷酸二氫鉀	leon4 syun1 ji6 hing1 gaap3
磷酸二氫鈉	leon4 syun1 ji6 hing1 naap6
磷酸鈣	leon4 syun1 koi3
輪船	leon4 syun4
輪胎	leon4 toi1
輪滑鞋	leon4 waat6 haai4
栗	leot6
栗子	leot6 zi2
曆	lik6
力量	lik6 loeng6
蠊	lim4
蓮	lin4
鏈	lin4
蓮花	lin4 faa1
鏈結	lin4 git3
連衣裙	lin4 ji1 kwan4
蓮蓬頭	lin4 pung4 tau4
連乘	lin4 sing4
連乘符號	lin4 sing4 fu4 hou6
鏈鎖	lin4 so2
鏈索	lin4 sok3
連體衣	lin4 tai2 ji1
連接	lin4 zip3
鏈接	lin4 zip3
〇	ling4
鈴	ling4
零	ling4
零次方	ling4 ci3 fong1
零點	ling4 dim2
零點正	ling4 dim2 zing3
〇鍵	ling4 gin6
零鍵	ling4 gin6
菱形	ling4 jing4
菱形點心鑽	ling4 jing4 dim2 sam1 zyun3
零聲母	ling4 sing1 mou5
嶺	ling5
令和	ling6 wo4
𨋢	lip1
獵豹	lip6 paau3
列印	lit6 jan3
列印機	lit6 jan3 gei1
列支敦士登	lit6 zi1 deon1 si6 dang1
寮國	liu4 gwok3
螺	lo4
羅馬尼亞	lo4 maa5 nei4 aa3
羅網	lo4 mong5
羅剎國	lo4 saat3 gwok3
羅斯	lo4 si1
螺絲	lo4 si1
螺絲刀	lo4 si1 dou1
螺絲批	lo4 si1 pai1
𦧲脷	loe1 lei6
𦧲脷	loe2 lei6
兩重積分	loeng2 cung4 zik1 fan1
糧	loeng4
涼鞋	loeng4 haai4
糧食	loeng4 sik6
量體溫	loeng4 tai2 wan1
兩次方	loeng5 ci3 fong1
兩點	loeng5 dim2
兩點冰	loeng5 dim2 bing1
兩點半	loeng5 dim2 bun3
兩點水	loeng5 dim2 seoi2
兩點正	loeng5 dim2 zing3
兩點鐘	loeng5 dim2 zung1
兩個人	loeng5 go3 jan4
兩人	loeng5 jan4
兩儀	loeng5 ji4
兩畫	loeng5 waak6
來電	loi4 din6
來信	loi4 seon3
萊索托	loi4 sok3 tok3
酪梨	lok3 lei4
駱駝	lok3 to4
落大雨	lok6 daai6 jyu5
落大水	lok6 daai6 seoi2
落花生	lok6 faa1 sang1
落日	lok6 jat6
落葉	lok6 jip6
落雨	lok6 jyu5
落雨大	lok6 jyu5 daai6
落水	lok6 seoi2
落雪	lok6 syut3
狼	long4
狼頭	long4 tau4
浪	long6
驢	lou4
牢大	lou4 daai6
盧森堡	lou4 sam1 bou2
盧旺達	lou4 wong6 daat6
驢仔	lou4 zai2
老阿伯	lou5 aa3 baak3
老阿姨	lou5 aa3 ji1
老豆	lou5 dau6
老花鏡	lou5 faa1 geng3
老虎	lou5 fu2
老虎機	lou5 fu2 gei1
老薑	lou5 goeng1
老廣	lou5 gwong2
老人	lou5 jan4
老爺爺	lou5 je4 je2
老鷹	lou5 jing1
老母	lou5 mou2
老母	lou5 mou5
老男人	lou5 naam4 jan2
老女人	lou5 neoi5 jan2
老年人	lou5 nin4 jan4
老婆婆	lou5 po4 po2
老師	lou5 si1
老鼠	lou5 syu2
老鼠夾	lou5 syu2 gaap3
老鼠籠	lou5 syu2 lung4
老撾	lou5 wo1
露齒笑	lou6 ci2 siu3
露國	lou6 gwok3
路人	lou6 jan4
路人男	lou6 jan4 naam4
路人女	lou6 jan4 neoi5
露營	lou6 jing4
露西亞	lou6 sai1 aa3
路障	lou6 zoeng3
轆	luk1
鹿	luk2
六	luk6
綠	luk6
鹿	luk6
綠茶	luk6 caa4
六次方	luk6 ci3 fong1
六點	luk6 dim2
六點半	luk6 dim2 bun3
六點正	luk6 dim2 zing3
六點鐘	luk6 dim2 zung1
氯化亞鐵	luk6 faa3 aa3 tit3
氯化鋇	luk6 faa3 bui3
氯化鉀	luk6 faa3 gaap3
氯化氫	luk6 faa3 hing1
氯化鈣	luk6 faa3 koi3
氯化鋁	luk6 faa3 leoi5
氯化鎂	luk6 faa3 mei5
氯化鈉	luk6 faa3 naap6
氯化銀	luk6 faa3 ngan4
氯化銨	luk6 faa3 on2
氯化鋅	luk6 faa3 san1
氯化鐵	luk6 faa3 tit3
氯化銅	luk6 faa3 tung4
六分之一	luk6 fan6 zi1 jat1
六鍵	luk6 gin6
六角星	luk6 gok3 sing1
六穀	luk6 guk1
錄音	luk6 jam1
錄音版權	luk6 jam1 baan2 kyun4
錄音咪	luk6 jam1 mai1
錄影	luk6 jing2
錄影帶	luk6 jing2 daai2
錄影機	luk6 jing2 gei1
六萬	luk6 maan6
六芒星	luk6 mong4 sing1
綠心	luk6 sam1
綠色	luk6 sik1
綠色愛心	luk6 sik1 oi3 sam1
綠色書本	luk6 sik1 syu1 bun2
六索	luk6 sok3
綠書	luk6 syu1
氯酸鉀	luk6 syun1 gaap3
六筒	luk6 tung4
鹿仔	luk6 zai2
錄像	luk6 zoeng6
錄像帶	luk6 zoeng6 daai2
錄像機	luk6 zoeng6 gei1
窿	lung1
𥥅	lung1
龍	lung4
龍捲風	lung4 gyun2 fung1
龍蝦	lung4 haa1
龍門	lung4 mun4
龍頭	lung4 tau4
戀人	lyun2 jan4
戀愛旅館	lyun2 oi3 leoi5 gun2
聯合國	lyun4 hap6 gwok3
聯合王國	lyun4 hap6 wong4 gwok3
唔得	m4 dak1
唔等於	m4 dang2 jyu1
唔等如	m4 dang2 jyu4
唔掂	m4 dim6
唔忿	m4 fan5
唔歡喜	m4 fun1 hei2
唔該	m4 goi1
唔該晒	m4 goi1 saai3
唔可以	m4 ho2 ji5
唔開心	m4 hoi1 sam1
唔好	m4 hou2
唔好出聲	m4 hou2 ceot1 seng1
唔要	m4 jiu3
唔明	m4 ming4
唔啱	m4 ngaam1
唔愛	m4 oi3
唔使客氣	m4 sai2 haak3 hei3
唔想	m4 soeng2
唔舒服	m4 syu1 fuk6
唔同意	m4 tung4 ji3
唔制	m4 zai3
唔准	m4 zeon2
唔准抌垃圾	m4 zeon2 dam2 laap6 saap3
媽	maa1
媽媽	maa1 maa1
媽咪	maa1 mi1
媽咪	maa1 mi4
麻煩	maa4 faan4
麻鷹	maa4 jing1
媽媽	maa4 maa1
嫲嫲	maa4 maa4
麻雀	maa4 zoek2
麻雀	maa4 zoek3
麻雀背面	maa4 zoek3 bui3 min6
麻將	maa4 zoeng3
傌	maa5
馬	maa5
馬達加斯加	maa5 daat6 gaa1 si1 gaa1
瑪黛	maa5 doi6
瑪黛茶	maa5 doi6 caa4
馬蜂	maa5 fung1
馬戲團	maa5 hei3 tyun4
馬恩島	maa5 jan1 dou2
馬爾代夫	maa5 ji5 doi6 fu1
馬耳他	maa5 ji5 taa1
馬約特島	maa5 joek3 dak6 dou2
馬拉	maa5 laai1
馬拉維	maa5 laai1 wai4
馬騮	maa5 lau1
馬騮頭	maa5 lau1 tau4
馬騮仔	maa5 lau1 zai2
馬里	maa5 lei5
馬鈴薯	maa5 ling4 syu4
馬來	maa5 loi4
馬來亞	maa5 loi4 aa3
馬來西亞	maa5 loi4 sai1 aa3
螞蟻	maa5 ngai5
碼農	maa5 nung4
馬術	maa5 seot6
馬紹爾羣島	maa5 siu6 ji5 kwan4 dou2
馬提尼克	maa5 tai4 nei4 hak1
馬頭	maa5 tau4
馬桶	maa5 tung2
馬桶吸	maa5 tung2 kap1
碼字	maa5 zi6
買餸	maai5 sung3
買餸車	maai5 sung3 ce1
擘口	maak3 hau2
擘嘴	maak3 zeoi2
蔓菁	maan4 zing1
晚黑	maan5 hak1
萬分	maan6 fan6
萬分號	maan6 fan6 hou6
萬聖節	maan6 sing3 zit3
萬字夾	maan6 zi6 gaap3
萬字夾	maan6 zi6 gep2
萬字夾	maan6 zi6 gep6
盲人	maang4 jan4
盲人男	maang4 jan4 naam4
盲人女	maang4 jan4 neoi5
盲男	maang4 naam4
盲女	maang4 neoi5
猛禽	maang5 kam4
猛獁象	maang5 maa5 zoeng6
孟加拉	maang6 gaa1 laai1
孟加拉國	maang6 gaa1 laai1 gwok3
襪	maat6
貓	maau1
貓熊	maau1 hung4
貓貓	maau1 maau1
貓咪	maau1 mi1
貓頭	maau1 tau4
貓頭鷹	maau1 tau4 jing1
貓仔	maau1 zai2
貓字邊	maau1 zi6 bin1
貓字旁	maau1 zi6 pong4
錨	maau4
茅棚	maau4 paang4
茅屋	maau4 uk1
牡蠣	maau5 lai6
咪	mai1
咪高峯	mai1 gou1 fung1
咪高風	mai1 gou1 fung1
迷戀	mai4 lyun2
迷霧	mai4 mou6
迷你光碟	mai4 nei5 gwong1 dip2
迷你光盤	mai4 nei5 gwong1 pun2
迷糊	mai4 wu4
米	mai5
米餅	mai5 beng2
米飯	mai5 faan6
米穀	mai5 guk1
米果	mai5 gwo2
米國	mai5 gwok3
米印	mai5 jan3
米利堅	mai5 lei6 gin1
米穗	mai5 seoi6
米字	mai5 zi6
墨	mak6
墨超	mak6 ciu1
墨鏡	mak6 geng3
墨魚	mak6 jyu4
墨西哥	mak6 sai1 go1
墨西哥夾餅	mak6 sai1 go1 gaap3 beng2
墨西哥捲	mak6 sai1 go1 gyun2
墨西哥捲餅	mak6 sai1 go1 gyun2 beng2
墨西哥糉	mak6 sai1 go1 zung2
蚊	man1
蚊蟲	man1 cung4
蚊子	man1 zi2
文	man4
蚊	man4
蚊蟲	man4 cung4
文件夾	man4 gin2 gaap3
文件櫃	man4 gin2 gwai6
民國	man4 gwok3
文萊	man4 loi4
蚊子	man4 zi2
吻	man5
問	man6
問號	man6 hou2
問號	man6 hou6
蜜	mat6
襪	mat6
蜜蜂	mat6 fung1
蜜罐	mat6 gun3
蜜瓜	mat6 gwaa1
密克羅尼西亞	mat6 hak1 lo4 nei4 sai1 aa3
勿擾	mat6 jiu5
蜜糖	mat6 tong4
蜜桃	mat6 tou4
某	mau5
某字	mau5 zi6
眯埋眼	mei1 maai4 ngaan5
眯眼	mei1 ngaan5
眯眼𡃶	mei1 ngaan5 sek3
麋	mei4
獼猴	mei4 hau4
眉開眼笑	mei4 hoi1 ngaan5 siu3
眉月	mei4 jyut6
麋鹿	mei4 luk2
麋鹿	mei4 luk6
微微不滿	mei4 mei4 bat1 mun5
微微皺眉	mei4 mei4 zau3 mei4
微笑	mei4 siu3
微笑貓	mei4 siu3 maau1
美	mei5
美甲	mei5 gaap3
美金	mei5 gam1
美國	mei5 gwok3
美人魚	mei5 jan4 jyu4
美元	mei5 jyun4
美利堅	mei5 lei6 gin1
美利堅合衆國	mei5 lei6 gin1 hap6 zung3 gwok3
美味	mei5 mei6
美女	mei5 neoi5
美式橄欖球	mei5 sik1 gam2 laam5 kau4
美屬處女羣島	mei5 suk6 cyu2 neoi5 kwan4 dou2
美屬薩摩亞	mei5 suk6 saat3 mo1 aa3
美屬維京羣島	mei5 suk6 wai4 ging1 kwan4 dou2
美洲	mei5 zau1
美洲駝	mei5 zau1 to4
味精	mei6 zing1
名卡	meng2 kaa1
名卡	meng2 kaat1
名咭	meng2 kaat1
綿羊	min4 joeng4
免打擾	min5 daa2 jiu5
緬甸	min5 din6
免費	min5 fai3
免擾	min5 jiu5
麪	min6
麪包	min6 baau1
麪包車	min6 baau1 ce1
麪包圈	min6 baau1 hyun1
麪餅	min6 beng2
面紅	min6 hung4
面無表情	min6 mou4 biu2 cing4
面目猙獰	min6 muk6 zang1 ning4
麪條	min6 tiu4
面震	min6 zan3
名	ming4
名卡	ming4 kaa1
名卡	ming4 kaat1
名咭	ming4 kaat1
名牌	ming4 paai2
明治	ming4 zi6
冥想	ming5 soeng2
冥想男	ming5 soeng2 naam4
冥想女	ming5 soeng2 neoi5
命令	ming6 ling6
滅火	mit6 fo2
滅火器	mit6 fo2 hei3
滅火筒	mit6 fo2 tung2
苗	miu4
秒錶	miu5 biu1
魔法棍	mo1 faat3 gwan3
魔法棒	mo1 faat3 paang5
魔法師	mo1 faat3 si1
魔鏡	mo1 geng3
摩爾多瓦	mo1 ji5 do1 ngaa5
摩羯座	mo1 kit3 zo6
摩洛哥	mo1 lok3 go1
摩納哥	mo1 naap6 go1
魔術帽	mo1 seot6 mou6
摩天輪	mo1 tin1 leon4
摩托	mo1 tok3
摩托車	mo1 tok3 ce1
摩托艇	mo1 tok3 teng5
蘑菇	mo4 gu1
莫桑比克	mok6 song1 bei2 hak1
杧	mong1
杧果	mong1 gwo2
網	mong5
蟒	mong5
網球	mong5 kau4
網絡	mong5 lok3
網字頭	mong5 zi6 tau4
望	mong6
望下	mong6 haa5
望遠鏡	mong6 jyun5 geng3
望月	mong6 jyut6
望望	mong6 mong6
毛	mou4
無	mou4
無版權	mou4 baan2 kyun4
毛蟲	mou4 cung4
無峯駝	mou4 fung1 to4
無軌電車	mou4 gwai2 din6 ce1
無葉樹	mou4 jip6 syu6
無語	mou4 jyu5
無窮	mou4 kung4
無窮大	mou4 kung4 daai6
毛里求斯	mou4 lei5 kau4 si1
毛里塔尼亞	mou4 lei5 taap3 nei4 aa3
無尾熊	mou4 mei5 hung4
毛毛蟲	mou4 mou4 cung4
無奈	mou4 noi6
巫師	mou4 si1
毛線	mou4 sin3
無線	mou4 sin3
無線網	mou4 sin3 mong5
無線網絡	mou4 sin3 mong5 lok3
毛線團	mou4 sin3 tyun4
無話可說	mou4 waa6 ho2 syut3
模糊	mou4 wu4
蕪菁	mou4 zing1
冇錯	mou5 co3
冇電	mou5 din6
舞蹈	mou5 dou6
舞蹈家	mou5 dou6 gaa1
武器	mou5 hei3
冇嘢講	mou5 je5 gong2
冇嘢好講	mou5 je5 hou2 gong2
冇來信	mou5 loi4 seon3
冇問題	mou5 man6 tai4
舞女	mou5 neoi2
冇眼睇	mou5 ngaan5 tai2
冇晒電	mou5 saai3 din6
武術服	mou5 seot6 fuk6
冇嘴	mou5 zeoi2
拇指	mou5 zi2
拇指向下	mou5 zi2 hoeng3 haa6
墓	mou6
帽	mou6
霧	mou6
墓碑	mou6 bei1
霧橋	mou6 kiu4
梅	mui4
梅花	mui4 faa1
梅花鹿	mui4 faa1 luk2
梅花鹿	mui4 faa1 luk6
玫瑰	mui4 gwai3
玫瑰花	mui4 gwai3 faa1
玫瑰花結	mui4 gwai3 faa1 git3
木	muk6
木柴	muk6 caai4
目瞪口呆	muk6 cing4 hau2 ngoi4
木頭	muk6 tau4
門	mun4
門松	mun4 cung4
門口	mun4 hau2
門票	mun4 piu3
門匙	mun4 si4
門戶	mun4 wu6
滿	mun5
滿分	mun5 fan1
滿意	mun5 ji3
滿月	mun5 jyut6
滿足	mun5 zuk1
蒙	mung4
蒙特塞拉特	mung4 dak6 sak1 laai1 dak6
蒙古	mung4 gu2
蒙古國	mung4 gu2 gwok3
奶	naai5
奶茶	naai5 caa4
奶油	naai5 jau4
奶酪	naai5 lok3
奶酪火鍋	naai5 lok3 fo2 wo1
奶牛	naai5 ngau4
奶瓶	naai5 ping4
奶黃	naai5 wong4
奶嘴	naai5 zeoi2
奶樽	naai5 zeon1
南	naam4
男	naam4
男阿拉丁燈神	naam4 aa3 laai1 ding1 dang1 san4
男差人	naam4 caai1 jan4
男廚師	naam4 ceoi4 si1
男超級英雄	naam4 ciu1 kap1 jing1 hung4
南朝鮮	naam4 ciu4 sin1
男廚師	naam4 cyu4 si1
男大夫	naam4 daai6 fu1
男燈神	naam4 dang1 san4
男反派	naam4 faan2 paai1
男法官	naam4 faat3 gun1
男法師	naam4 faat3 si1
南非	naam4 fei1
男飛行員	naam4 fei1 hang4 jyun4
男科學家	naam4 fo1 hok6 gaa1
男教師	naam4 gaau3 si1
男機械工	naam4 gei1 haai6 gung1
男機長	naam4 gei1 zoeng2
男技工	naam4 gei6 gung1
南極	naam4 gik6
南極洲	naam4 gik6 zau1
男建築工	naam4 gin3 zuk1 gung1
男建築工人	naam4 gin3 zuk1 gung1 jan4
男警察	naam4 ging2 caat3
男歌手	naam4 go1 sau2
男殭屍	naam4 goeng1 si1
南高麗	naam4 gou1 lai6
男姑娘	naam4 gu1 noeng4
男工人	naam4 gung1 jan4
南瓜	naam4 gwaa1
南瓜燈	naam4 gwaa1 dang1
南瓜燈籠	naam4 gwaa1 dang1 lung4
男孩	naam4 haai4
男鞋	naam4 haai4
男行人	naam4 hang4 jan4
男靴	naam4 hoe1
男孩	naam4 hoi4
男學生	naam4 hok6 saang1
南韓	naam4 hon4
男航天員	naam4 hong4 tin1 jyun4
男人	naam4 jan2
男人魚	naam4 jan2 jyu4
男人	naam4 jan4
男醫生	naam4 ji1 sang1
男醫護	naam4 ji1 wu6
男醫護人員	naam4 ji1 wu6 jan4 jyun4
男宇航員	naam4 jyu5 hong4 jyun4
男員工	naam4 jyun4 gung1
男吸血鬼	naam4 kap1 hyut3 gwai2
男老師	naam4 lou5 si1
男路人	naam4 lou6 jan4
男盲人	naam4 maang4 jan4
男魔法師	naam4 mo1 faat3 si1
男巫	naam4 mou4
男舞蹈家	naam4 mou5 dou6 gaa1
男帽	naam4 mou6
男藝人	naam4 ngai6 jan4
男藝術家	naam4 ngai6 seot6 gaa1
男農民	naam4 nung4 man4
男神探	naam4 san4 taam3
男修理工	naam4 sau1 lei5 gung1
男守衛	naam4 sau2 wai6
男士	naam4 si6
男仙人	naam4 sin1 jan4
男仙子	naam4 sin1 zi2
男性	naam4 sing3
男消防員	naam4 siu1 fong4 jyun4
南蘇丹	naam4 sou1 daan1
男太空人	naam4 taai3 hung1 jan4
男探長	naam4 taam3 zoeng2
男同	naam4 tung4
男童	naam4 tung4
男同性戀	naam4 tung4 sing3 lyun2
男畫家	naam4 waa2 gaa1
男衛兵	naam4 wai6 bing1
男衛士	naam4 wai6 si6
男護士	naam4 wu6 si6
男子	naam4 zi2
男職員	naam4 zik1 jyun4
男精靈	naam4 zing1 ling4
男偵探	naam4 zing1 taam3
南朝鮮	naam4 ziu1 sin1
南佐治亞及南三文治	naam4 zo3 zi6 aa3 kap6 naam4 saam1 man4 zi6
男裝	naam4 zong1
難頂	naan4 ding2
難過	naan4 gwo3
難以置信	naan4 ji5 zi3 seon3
難受	naan4 sau6
納米比亞	naap6 mai5 bei2 aa3
捺	naat6
鬧人	naau6 jan4
鬧鐘	naau6 zung1
泥鏟	nai4 caan2
泥水佬	nai4 seoi2 lou2
諗	nam2
諗嘢	nam2 je5
諗唔通	nam2 m4 tung1
粒糖	nap1 tong2
嬲	nau1
惱	nau1
嬲爆	nau1 baau3
惱爆	nau1 baau3
嬲爆爆	nau1 baau3 baau3
惱爆爆	nau1 baau3 baau3
嬲嬲	nau1 nau1
惱惱	nau1 nau1
紐埃	nau2 oi1
紐西蘭	nau2 sai1 laan4
尼泊爾	nei4 bok6 ji5
尼加拉瓜	nei4 gaa1 laai1 gwaa1
獼猴	nei4 hau4
獼猴桃	nei4 hau4 tou2
獼猴桃	nei4 hau4 tou4
尼日爾	nei4 jat6 ji5
尼日利亞	nei4 jat6 lei6 aa3
你	nei5
你好	nei5 hou2
女	neoi5
女阿拉丁燈神	neoi5 aa3 laai1 ding1 dang1 san4
女差人	neoi5 caai1 jan4
女廚師	neoi5 ceoi4 si1
女超級英雄	neoi5 ciu1 kap1 jing1 hung4
女廚師	neoi5 cyu4 si1
女大夫	neoi5 daai6 fu1
女燈神	neoi5 dang1 san4
女反派	neoi5 faan2 paai1
女法官	neoi5 faat3 gun1
女法師	neoi5 faat3 si1
女飛行員	neoi5 fei1 hang4 jyun4
女科學家	neoi5 fo1 hok6 gaa1
女教師	neoi5 gaau3 si1
女機械工	neoi5 gei1 haai6 gung1
女機長	neoi5 gei1 zoeng2
女技工	neoi5 gei6 gung1
女建築工	neoi5 gin3 zuk1 gung1
女建築工人	neoi5 gin3 zuk1 gung1 jan4
女警察	neoi5 ging2 caat3
女歌手	neoi5 go1 sau2
女殭屍	neoi5 goeng1 si1
女工人	neoi5 gung1 jan4
女光頭	neoi5 gwong1 tau4
女孩	neoi5 haai4
女鞋	neoi5 haai4
女行人	neoi5 hang4 jan4
女孩	neoi5 hoi4
女學生	neoi5 hok6 saang1
女航天員	neoi5 hong4 tin1 jyun4
女人	neoi5 jan2
女人	neoi5 jan4
女醫生	neoi5 ji1 sang1
女醫護	neoi5 ji1 wu6
女醫護人員	neoi5 ji1 wu6 jan4 jyun4
女兒節	neoi5 ji4 zit3
女英雄	neoi5 jing1 hung4
女宇航員	neoi5 jyu5 hong4 jyun4
女員工	neoi5 jyun4 gung1
女吸血鬼	neoi5 kap1 hyut3 gwai2
女老師	neoi5 lou5 si1
女路人	neoi5 lou6 jan4
女盲人	neoi5 maang4 jan4
女魔法師	neoi5 mo1 faat3 si1
女巫	neoi5 mou4
女舞蹈家	neoi5 mou5 dou6 gaa1
女帽	neoi5 mou6
女藝人	neoi5 ngai6 jan4
女藝術家	neoi5 ngai6 seot6 gaa1
女農民	neoi5 nung4 man4
女神探	neoi5 san4 taam3
女生	neoi5 sang1
女修理工	neoi5 sau1 lei5 gung1
女守衛	neoi5 sau2 wai6
女士	neoi5 si6
女仙人	neoi5 sin1 jan4
女仙子	neoi5 sin1 zi2
女性	neoi5 sing3
女消防員	neoi5 siu1 fong4 jyun4
女太空人	neoi5 taai3 hung1 jan4
女探長	neoi5 taam3 zoeng2
女同	neoi5 tung4
女童	neoi5 tung4
女同性戀	neoi5 tung4 sing3 lyun2
女畫家	neoi5 waa2 gaa1
女衛兵	neoi5 wai6 bing1
女衛士	neoi5 wai6 si6
女護士	neoi5 wu6 si6
女子	neoi5 zi2
女職員	neoi5 zik1 jyun4
女精靈	neoi5 zing1 ling4
女偵探	neoi5 zing1 taam3
女裝	neoi5 zong1
五	ng5
五次方	ng5 ci3 fong1
五點	ng5 dim2
五點半	ng5 dim2 bun3
五點正	ng5 dim2 zing3
五點鐘	ng5 dim2 zung1
五分之一	ng5 fan6 zi1 jat1
五鍵	ng5 gin6
五角星	ng5 gok3 sing1
五穀	ng5 guk1
五弦琴	ng5 jin4 kam4
五氧化二磷	ng5 joeng5 faa3 ji6 leon4
五萬	ng5 maan6
五十	ng5 sap6
五星紅旗	ng5 sing1 hung4 kei4
五索	ng5 sok3
五筒	ng5 tung4
五畫	ng5 waak6
五指	ng5 zi2
誤	ng6
牙	ngaa4
芽	ngaa4
牙刷	ngaa4 caat3
牙擦	ngaa4 caat3
牙齒	ngaa4 ci2
牙買加	ngaa4 maai5 gaa1
牙刷	ngaa4 saat3
瓦肯舉手禮	ngaa5 hang2 geoi2 sau2 lai5
瓦利斯及富圖納羣島	ngaa5 lei6 si1 kap6 fu3 tou4 naap6 kwan4 dou2
瓦努阿圖	ngaa5 nou5 aa3 tou4
捱夜	ngaai4 je2
捱夜	ngaai4 je6
𧦠人	ngaak1 jan4
𧦠人精	ngaak1 jan4 zing1
啱	ngaam1
啱我心水	ngaam1 ngo5 sam1 seoi2
啱晒	ngaam1 saai3
啱心水	ngaam1 sam1 seoi2
岩石	ngaam4 sek6
眼	ngaan5
眼袋	ngaan5 doi6
眼睏	ngaan5 fan3
眼瞓	ngaan5 fan3
眼放電	ngaan5 fong3 din6
眼鏡	ngaan5 geng2
眼鏡	ngaan5 geng3
眼鏡仔	ngaan5 geng3 zai2
眼睏	ngaan5 han3
眼睏	ngaan5 kwan3
眼淚	ngaan5 leoi6
眼望望	ngaan5 mong6 mong6
眼溼溼	ngaan5 sap1 sap1
眼睡	ngaan5 seoi6
眼睛	ngaan5 zing1
硬幣	ngaang6 bai6
咬脣	ngaau5 seon4
危	ngai4
危地馬拉	ngai4 dei6 maa5 laai1
危險	ngai4 him2
蟻	ngai5
藝人	ngai6 jan4
藝術家	ngai6 seot6 gaa1
僞裝	ngai6 zong1
銀	ngan2
銀仔	ngan2 zai2
銀髮	ngan4 faat3
銀髮男	ngan4 faat3 naam4
銀髮女	ngan4 faat3 neoi5
銀河	ngan4 ho4
銀河系	ngan4 ho4 hai6
銀漢	ngan4 hon3
銀行	ngan4 hong4
銀行卡	ngan4 hong4 kaa1
銀行卡	ngan4 hong4 kaat1
銀行咭	ngan4 hong4 kaat1
銀牌	ngan4 paai4
銀紙	ngan4 zi2
岌	ngap6
岌頭	ngap6 tau4
勾	ngau1
鉤	ngau1
勾號	ngau1 hou6
勾選	ngau1 syun2
牛	ngau4
牛角包	ngau4 gok3 baau1
牛角麪包	ngau4 gok3 min6 baau1
牛牯	ngau4 gu2
牛油	ngau4 jau4
牛油果	ngau4 jau4 gwo2
牛肉	ngau4 juk6
牛奶	ngau4 naai5
牛扒	ngau4 paa2
牛排	ngau4 paai4
牛頭	ngau4 tau4
牛仔	ngau4 zai2
牛仔褲	ngau4 zai2 fu3
鵝	ngo4
鵝肶	ngo4 bei2
鵝髀	ngo4 bei2
俄國	ngo4 gwok3
俄羅斯	ngo4 lo4 si1
峨眉月	ngo4 mei4 jyut6
鵝仔	ngo4 zai2
我諗	ngo5 nam2
外公	ngoi6 gung1
外賣	ngoi6 maai6
外賣盒	ngoi6 maai6 hap2
外賣盒	ngoi6 maai6 hap6
外婆	ngoi6 po4
外星人	ngoi6 sing1 jan4
外套	ngoi6 tou3
外匯	ngoi6 wui6
樂	ngok6
鱷	ngok6
愕然	ngok6 jin4
鱷魚	ngok6 jyu4
鱷梨	ngok6 lei4
樂譜	ngok6 pou2
念珠	nim6 zyu1
檸檬	ning4 mung1
擰頭	ning6 tau4
捏	nip6
鳥	niu5
鳥巢	niu5 caau4
鳥蛋	niu5 daan6
鳥頭	niu5 tau4
挪威	no4 wai1
內褲	noi6 fu3
諾福克島	nok6 fuk1 hak1 dou2
惱	nou5
腦	nou5
腦部	nou5 bou6
瑙魯	nou5 lou5
怒	nou6
農夫車	nung4 fu1 ce1
農民	nung4 man4
農戶	nung4 wu6
埃	oi1
埃塞俄比亞	oi1 coi3 ngo4 bei2 aa3
埃及	oi1 kap6
哀求	oi1 kau4
愛情旅館	oi3 cing4 leoi5 gun2
愛爾蘭	oi3 ji5 laan4
愛你	oi3 nei5
愛你手勢	oi3 nei5 sau2 sai3
愛沙尼亞	oi3 saa1 nei4 aa3
愛心	oi3 sam1
愛心禮物	oi3 sam1 lai5 mat6
愛心手勢	oi3 sam1 sau2 sai3
惡頂	ok3 ding2
惡鬼	ok3 gwai2
惡人	ok3 jan4
惡魔	ok3 mo1
惡魔之眼	ok3 mo1 zi1 ngaan5
惡鳥	ok3 niu5
噁心	ok3 sam1
安全帽	on1 cyun4 mou6
安道爾	on1 dou6 ji5
安哥拉	on1 go1 laai1
安圭拉	on1 gwai1 laai1
安南	on1 naam4
安提瓜及巴布達	on1 tai4 gwaa1 kap6 baa1 bou3 daat6
按摩	on3 mo1
澳	ou3
澳大利亞	ou3 daai6 lei6 aa3
奧地利	ou3 dei6 lei6
奧蘭羣島	ou3 laan4 kwan4 dou2
奧姆	ou3 mou5
澳門	ou3 mun2
澳門	ou3 mun4
澳洲	ou3 zau1
爬行動物	paa4 hang4 dung6 mat6
派	paai3
牌	paai4
排球	paai4 kau4
泊車	paak3 ce1
拍戲	paak3 hei3
帕勞	paak3 lou4
拍片	paak3 pin2
拍攝	paak3 sip3
攀巖	paan1 ngaam4
攀巖男	paan1 ngaam4 naam4
攀巖女	paan1 ngaam4 neoi5
棒球	paang5 kau4
棒球帽	paang5 kau4 mou6
棒棒糖	paang5 paang5 tong2
泡	paau1
泡泡	paau1 paau1
跑	paau2
跑步	paau2 bou6
跑步男	paau2 bou6 naam4
跑步女	paau2 bou6 neoi5
跑馬	paau2 maa5
炮	paau3
砲	paau3
豹	paau3
豹子	paau3 zi2
豹字邊	paau3 zi6 bin1
豹字旁	paau3 zi6 pong4
炮仗	paau3 zoeng2
炮竹	paau3 zuk1
刨冰	paau4 bing1
批	pai1
噴泉	pan3 cyun4
噴水池	pan3 seoi2 ci4
披薩	pei1 saat3
鄙視	pei2 si6
皮包	pei4 baau1
疲憊	pei4 bei6
皮特肯	pei4 dak6 hang2
皮膚	pei4 fu1
皮鞋	pei4 haai4
皮卡	pei4 kaa1
皮卡車	pei4 kaa1 ce1
疲勞	pei4 lou4
皮納塔	pei4 naap6 taap3
蝙	pin1
編程	pin1 cing4
蝙蝠	pin1 fuk1
片場	pin2 coeng4
乒乓	ping1 pong1
乒乓波	ping1 pong1 bo1
乒乓球	ping1 pong1 kau4
拼圖	ping3 tou4
瓶	ping4
平底杯	ping4 dai2 bui1
平底鞋	ping4 dai2 haai4
平方	ping4 fong1
平方根	ping4 fong1 gan1
蘋果	ping4 gwo2
平成	ping4 sing4
撇	pit3
票據	piu3 geoi3
瓢蟲	piu4 cung4
破殼	po3 hok3
破殼而出	po3 hok3 ji4 ceot1
破鏈	po3 lin4
破涕爲笑	po3 tai3 wai4 siu3
破折	po3 zit3
破折號	po3 zit3 hou6
婆羅多	po4 lo4 do1
婆婆	po4 po1
婆婆	po4 po2
撲克	pok3 hak1
螃蟹	pong4 haai5
傍晚	pong4 maan5
譜	pou2
葡	pou4
蒲隆地	pou4 lung4 dei6
葡提子	pou4 tai4 zi2
葡萄	pou4 tou4
葡萄牙	pou4 tou4 ngaa4
葡萄糖酸鋅	pou4 tou4 tong4 syun1 san1
葡萄酒	pou4 tou4 zau2
泡	pou5
抱抱	pou5 pou5
泡泡	pou5 pou5
培根	pui4 gan1
培養皿	pui4 joeng5 ming5
盆景	pun4 ging2
蟠桃	pun4 tou4
盆栽	pun4 zoi1
潑	put3
潑濺	put3 zin3
鯊	saa1
沙冰	saa1 bing1
沙鏟	saa1 caan2
沙槌	saa1 ceoi4
砂槌	saa1 ceoi4
沙特	saa1 dak6
沙特阿拉伯	saa1 dak6 aa3 laai1 baak3
沙地阿拉伯	saa1 dei6 aa3 laai1 baak3
沙發	saa1 faat3
沙薑	saa1 goeng1
鯊魚	saa1 jyu4
沙拉	saa1 laai1
紗麗	saa1 lai6
沙漏	saa1 lau6
沙律	saa1 leot2
沙律	saa1 leot6
沙漠	saa1 mok6
沙灘	saa1 taan1
沙灘傘	saa1 taan1 saan3
沙灘遮	saa1 taan1 ze1
砂鍋	saa1 wo1
沙烏地阿拉伯	saa1 wu1 dei6 aa3 laai1 baak3
三	saam1
衫	saam1
三不猴	saam1 bat1 hau4
三叉戟	saam1 caa1 gik1
三次方	saam1 ci3 fong1
三次方根	saam1 ci3 fong1 gan1
三次根	saam1 ci3 gan1
三次根號	saam1 ci3 gan1 hou6
三重積分	saam1 cung4 zik1 fan1
三點	saam1 dim2
三點半	saam1 dim2 bun3
三點水	saam1 dim2 seoi2
三點正	saam1 dim2 zing3
三點裝	saam1 dim2 zong1
三點鐘	saam1 dim2 zung1
三分褲	saam1 fan1 fu3
三分之一	saam1 fan6 zi1 jat1
三分之二	saam1 fan6 zi1 ji6
三鍵	saam1 gin6
三角	saam1 gok3
三角尺	saam1 gok3 cek3
三角豆餅	saam1 gok3 dau6 beng2
三角形	saam1 gok3 jing4
三角旗	saam1 gok3 kei4
三口之家	saam1 hau2 zi1 gaa1
三葉草	saam1 jip6 cou2
三氧化二鋁	saam1 joeng5 faa3 ji6 leoi5
三氧化硫	saam1 joeng5 faa3 lau4
三氧化鎢	saam1 joeng5 faa3 wu1
三猿	saam1 jyun4
三輪車	saam1 leon4 ce1
三萬	saam1 maan6
三文治	saam1 man4 zi6
三明治	saam1 ming4 zi6
三鳥	saam1 niu5
三十	saam1 sap6
三十八	saam1 sap6 baat3
三十七	saam1 sap6 cat1
三十九	saam1 sap6 gau2
三十一	saam1 sap6 jat1
三十二	saam1 sap6 ji6
三十六	saam1 sap6 luk6
三十五	saam1 sap6 ng5
三十三	saam1 sap6 saam1
三十四	saam1 sap6 sei3
三索	saam1 sok3
三筒	saam1 tung4
三畫	saam1 waak6
三聚氰胺	saam1 zeoi6 cing4 on3
刪	saan1
山	saan1
刪除	saan1 ceoi4
刪除鍵	saan1 ceoi4 gin6
山地車	saan1 dei6 ce1
山地車男	saan1 dei6 ce1 naam4
山地車女	saan1 dei6 ce1 neoi5
山地單車	saan1 dei6 daan1 ce1
山地單車男	saan1 dei6 daan1 ce1 naam4
山地單車女	saan1 dei6 daan1 ce1 neoi5
山頂纜車	saan1 deng2 laam6 ce1
山峯	saan1 fung1
山間日出	saan1 gaan1 jat6 ceot1
閂引號	saan1 jan5 hou6
山羊	saan1 joeng4
山區火車	saan1 keoi1 fo2 ce1
山嶺	saan1 leng5
山嶺	saan1 ling5
山域治	saan1 wik6 zi6
珊瑚	saan1 wu4
珊瑚礁	saan1 wu4 ziu1
刪節	saan1 zit3
刪節號	saan1 zit3 hou6
傘	saan3
生薑	saang1 goeng1
生蠔	saang1 hou4
生日蛋糕	saang1 jat6 daan6 gou1
生日快樂	saang1 jat6 faai3 lok6
省略	saang2 loek6
省略號	saang2 loek6 hou6
薩克	saat3 hak1
薩克斯	saat3 hak1 si1
薩克斯風	saat3 hak1 si1 fung1
薩爾瓦多	saat3 ji5 ngaa5 do1
薩摩亞	saat3 mo1 aa3
哨牙	saau3 ngaa4
犀	sai1
西	sai1
西班牙	sai1 baan1 ngaa4
西部牛仔	sai1 bou6 ngau4 zai2
西瓜	sai1 gwaa1
西紅柿	sai1 hung4 ci5
西蘭花	sai1 laan4 faa1
犀利	sai1 lei6
犀牛	sai1 ngau4
西撒哈拉	sai1 saat3 haa1 laai1
西式餡餅	sai1 sik1 haam2 beng2
西字頭	sai1 zi6 tau4
西裝	sai1 zong1
洗浴	sai2 juk6
洗手間	sai2 sau2 gaan1
細楷	sai3 gaai1
世界	sai3 gaai3
細菌	sai3 kwan2
勢利	sai3 lei6
細路哥	sai3 lou2 go1
細𡀔哥	sai3 lou2 go1
細路	sai3 lou6
細𡀔	sai3 lou6
細路哥	sai3 lou6 go1
細𡀔哥	sai3 lou6 go1
細路女	sai3 lou6 neoi2
細𡀔女	sai3 lou6 neoi2
細路仔	sai3 lou6 zai2
細𡀔仔	sai3 lou6 zai2
細呅	sai3 man1
細呅仔	sai3 man1 zai2
細儂	sai3 nung4
細細聲	sai3 sai3 seng1
細聲	sai3 seng1
細聲啲	sai3 seng1 di1
心	sam1
心動	sam1 dung6
心火	sam1 fo2
深膚色	sam1 fu1 sik1
心間	sam1 gaan1
深夜	sam1 je6
心形	sam1 jing4
心形裝飾	sam1 jing4 zong1 sik1
心滿意足	sam1 mun5 ji3 zuk1
新婦	sam1 pou5
心心	sam1 sam1
心心眼	sam1 sam1 ngaan5
心心心	sam1 sam1 sam1
心心相印	sam1 sam1 soeng1 jan3
心水	sam1 seoi2
心碎	sam1 seoi3
深色膚色	sam1 sik1 fu1 sik1
深色皮膚	sam1 sik1 pei4 fu1
心傷	sam1 soeng1
心田	sam1 tin4
心跳	sam1 tiu3
心臟	sam1 zong6
心中箭	sam1 zung3 zin3
新	san1
申	san1
身份證	san1 fan2 zing3
新婦	san1 fu5
新加坡	san1 gaa1 bo1
新加坡	san1 gaa3 bo1
新幹線	san1 gon3 sin3
新喀里多尼亞	san1 haak3 lei5 do1 nei4 aa3
新月	san1 jyut6
伸脷	san1 lei6
新娘	san1 noeng4
新娘子	san1 noeng4 zi2
新婦	san1 pou5
新西蘭	san1 sai1 laan4
新手	san1 sau2
神祕	san4 bei3
神廟	san4 miu2
神廟	san4 miu6
神社	san4 se5
神探	san4 taam3
生病	sang1 beng6
生化危害	sang1 faa3 ngai4 hoi6
生氣	sang1 hei3
生物危害	sang1 mat6 ngai4 hoi6
十	sap6
十八	sap6 baat3
十七	sap6 cat1
十點	sap6 dim2
十點半	sap6 dim2 bun3
十點正	sap6 dim2 zing3
十點鐘	sap6 dim2 zung1
十分之一	sap6 fan6 zi1 jat1
十九	sap6 gau2
十鍵	sap6 gin6
十一	sap6 jat1
十一點	sap6 jat1 dim2
十一點半	sap6 jat1 dim2 bun3
十一點正	sap6 jat1 dim2 zing3
十一點鐘	sap6 jat1 dim2 zung1
十二	sap6 ji6
十二點	sap6 ji6 dim2
十二點半	sap6 ji6 dim2 bun3
十二點正	sap6 ji6 dim2 zing3
十二點鐘	sap6 ji6 dim2 zung1
十六	sap6 luk6
十五	sap6 ng5
十三	sap6 saam1
十四	sap6 sei3
十字架	sap6 zi6 gaa2
十字架	sap6 zi6 gaa3
失聰	sat1 cung1
失聰男	sat1 cung1 naam4
失聰女	sat1 cung1 neoi5
失戀	sat1 lyun2
失眠	sat1 min4
失望	sat1 mong6
室女座	sat1 neoi5 zo6
實驗服	sat6 jim6 fuk6
實驗袍	sat6 jim6 pou4
實數	sat6 sou3
羞家	sau1 gaa1
收據	sau1 geoi3
收件箱	sau1 gin6 soeng1
收音機	sau1 jam1 gei1
修理工	sau1 lei5 gung1
修路	sau1 lou6
收聲	sau1 seng1
收信	sau1 seon3
收信箱	sau1 seon3 soeng1
手	sau2
手臂	sau2 bei3
手錶	sau2 biu1
手背	sau2 bui3
搜尋	sau2 cam4
手槍	sau2 coeng1
手銃	sau2 cung3
手電筒	sau2 din6 tung2
手電筒	sau2 din6 tung4
手風琴	sau2 fung1 kam4
手機	sau2 gei1
手鋸	sau2 geoi3
手牽手	sau2 hin1 sau2
手向右	sau2 hoeng3 jau6
手向左	sau2 hoeng3 zo2
手印	sau2 jan3
手球	sau2 kau4
手球男	sau2 kau4 naam4
手球女	sau2 kau4 neoi5
手紋	sau2 man4
搜索	sau2 saak3
手勢一	sau2 sai3 jat1
手勢二	sau2 sai3 ji6
手勢六	sau2 sai3 luk6
手勢五	sau2 sai3 ng5
手寫	sau2 se2
手信	sau2 seon3
首先	sau2 sin1
搜索	sau2 sok3
手提	sau2 tai4
手提包	sau2 tai4 baau1
手提電腦	sau2 tai4 din6 nou5
手提電話	sau2 tai4 din6 waa2
手拖手	sau2 to1 sau2
手套	sau2 tou3
守衛	sau2 wai6
手踭	sau2 zaang1
手指	sau2 zi2
手指指	sau2 zi2 zi2
手掌	sau2 zoeng2
手杖	sau2 zoeng2
手杖	sau2 zoeng6
獸人	sau3 jan4
壽司	sau6 si1
受傷	sau6 soeng1
壽桃	sau6 tou4
寫	se2
寫代碼	se2 doi6 maa5
寫字	se2 zi6
寫作	se2 zok3
蛇	se4
蛇夫座	se4 fu1 zo6
社	se5
射	se6
射手座	se6 sau2 zo6
射箭	se6 zin3
死	sei2
死鬼咁凍	sei2 gwai2 gam3 dung3
死亡	sei2 mong4
四	sei3
四次方	sei3 ci3 fong1
四次方根	sei3 ci3 fong1 gan1
四次根	sei3 ci3 gan1
四次根號	sei3 ci3 gan1 hou6
四點	sei3 dim2
四點半	sei3 dim2 bun3
四點底	sei3 dim2 dai2
四點火	sei3 dim2 fo2
四點正	sei3 dim2 zing3
四點鐘	sei3 dim2 zung1
四分音符	sei3 fan1 jam1 fu4
四分之一	sei3 fan6 zi1 jat1
四鍵	sei3 gin6
四腳蛇	sei3 goek3 se4
四角星	sei3 gok3 sing1
四口之家	sei3 hau2 zi1 gaa1
四葉草	sei3 jip6 cou2
四氧化三鐵	sei3 joeng5 faa3 saam1 tit3
四萬	sei3 maan6
四眼	sei3 ngaan5
四眼狗	sei3 ngaan5 gau2
四眼仔	sei3 ngaan5 zai2
四十	sei3 sap6
四十八	sei3 sap6 baat3
四十七	sei3 sap6 cat1
四十九	sei3 sap6 gau2
四十一	sei3 sap6 jat1
四十二	sei3 sap6 ji6
四十六	sei3 sap6 luk6
四十五	sei3 sap6 ng5
四十三	sei3 sap6 saam1
四十四	sei3 sap6 sei3
四索	sei3 sok3
四筒	sei3 tung4
四畫	sei3 waak6
四字頭	sei3 zi6 tau4
𡃶	sek3
𡃶啖	sek3 daam6
錫克教	sek3 hak1 gaau3
𡃶你	sek3 nei5
𡃶晒你	sek3 saai3 nei5
𡃶𡃶	sek3 sek3
𡃶𡃶貓	sek3 sek3 maau1
石	sek6
石塊	sek6 faai3
石油	sek6 jau4
石龍子	sek6 lung4 zi2
石頭	sek6 tau4
石像	sek6 zoeng6
水	seoi2
水	seoi2
水獺	seoi2 caat3
水槍	seoi2 coeng1
水滴	seoi2 dik1
水稻	seoi2 dou6
水分子	seoi2 fan1 zi2
水餃	seoi2 gaau2
水狗	seoi2 gau2
水喉	seoi2 hau4
水球	seoi2 kau4
水球男	seoi2 kau4 naam4
水球女	seoi2 kau4 neoi5
水龍頭	seoi2 lung4 tau4
水蜜桃	seoi2 mat6 tou4
水母	seoi2 mou5
水牛	seoi2 ngau4
水瓶座	seoi2 ping4 zo6
水桶	seoi2 tung2
水晶球	seoi2 zing1 kau4
帥	seoi3
垂釣	seoi4 diu3
睡	seoi6
穗	seoi6
瑞典	seoi6 din2
睡覺	seoi6 gaau3
睡眼惺忪	seoi6 ngaan5 sing1 sung1
瑞士	seoi6 si6
彗星	seoi6 sing1
睡熟	seoi6 suk6
信	seon3
巽	seon3
信件	seon3 gin2
信件	seon3 gin6
巽卦	seon3 gwaa3
信號	seon3 hou6
訊號	seon3 hou6
信號燈	seon3 hou6 dang1
信用卡	seon3 jung6 kaa1
信用卡	seon3 jung6 kaat1
信用咭	seon3 jung6 kaat1
信息	seon3 sik1
信箱	seon3 soeng1
脣	seon4
純鹼	seon4 gaan2
順時針	seon6 si4 zam1
順時針方向	seon6 si4 zam1 fong1 hoeng3
順時針箭頭	seon6 si4 zam1 zin3 tau4
蟀	seot1
摔跤	seot1 gaau1
摔跤男	seot1 gaau1 naam4
摔跤女	seot1 gaau1 neoi5
摔角	seot1 gok3
摔角男	seot1 gok3 naam4
摔角女	seot1 gok3 neoi5
裇衫	seot1 saam1
獅	si1
絲帶	si1 daai2
師傅	si1 fu2
私家車	si1 gaa1 ce1
施工	si1 gung1
施工中	si1 gung1 zung1
思考	si1 haau2
思考雲	si1 haau2 wan4
私隱	si1 jan2
斯里蘭卡	si1 lei5 laan4 kaa1
斯洛伐克	si1 lok6 fat6 hak1
斯洛文尼亞	si1 lok6 man4 nei4 aa3
絲網	si1 mong1
斯威士蘭	si1 wai1 si6 laan4
獅子	si1 zi2
獅子狗	si1 zi2 gau2
獅子犬	si1 zi2 hyun2
獅子頭	si1 zi2 tau4
獅子座	si1 zi2 zo6
絲字邊	si1 zi6 bin1
絲字旁	si1 zi6 pong4
屎	si2
史上最佳	si2 soeng6 zeoi3 gaai1
試管	si3 gun2
匙	si4
時間	si4 gaan1
時間	si4 gaan3
時鐘	si4 zung1
仕	si6
士	si6
士巴拿	si6 baa1 naa2
士巴拿	si6 baa1 naa4
士的	si6 dik1
士多啤梨	si6 do1 be1 lei2
示愛	si6 oi3
示字邊	si6 zi6 bin1
示字旁	si6 zi6 pong4
色	sik1
適	sik1
熄機	sik1 gei1
蜥蜴	sik1 jik6
釋然	sik1 jin4
色拉	sik1 laai1
蟋蟀	sik1 seot1
色士風	sik1 si6 fung1
色仔	sik1 zai2
色子	sik1 zi2
食飯	sik6 faan6
食鹽	sik6 jim4
食菸	sik6 jin1
食糧	sik6 loeng4
食物	sik6 mat6
食麪	sik6 min6
食支菸	sik6 zi1 jin1
食指	sik6 zi2
食字邊	sik6 zi6 bin1
食字旁	sik6 zi6 pong4
閃電	sim2 din6
閃光	sim2 gwong1
閃光燈	sim2 gwong1 dang1
閃耀	sim2 jiu6
閃亮	sim2 loeng6
閃亮之心	sim2 loeng6 zi1 sam1
閃閃之心	sim2 sim2 zi1 sam1
鮮花	sin1 faa1
仙人掌	sin1 jan4 zoeng2
仙女	sin1 neoi2
仙女	sin1 neoi5
仙子	sin1 zi2
扇	sin3
線	sin3
扇貝	sin3 bui3
線圈簿	sin3 hyun1 bou2
線圈簿	sin3 hyun1 bou6
線圈本	sin3 hyun1 bun2
線輪	sin3 leon4
線團	sin3 tyun4
線軸	sin3 zuk6
昇	sing1
星	sing1
猩	sing1
昇調	sing1 diu6
星島	sing1 dou2
星架坡	sing1 gaa3 bo1
昇記號	sing1 gei3 hou6
星鍵	sing1 gin6
昇降機	sing1 gong3 gei1
星光	sing1 gwong1
星光熠熠	sing1 gwong1 jap1 jap1
星河	sing1 ho4
星漢	sing1 hon3
昇號	sing1 hou6
星號	sing1 hou6
星號鍵	sing1 hou6 gin6
昇音	sing1 jam1
昇音符	sing1 jam1 fu4
星形	sing1 jing4
星月符號	sing1 jyut6 fu4 hou6
星星	sing1 sing1
猩猩	sing1 sing1
星星眼	sing1 sing1 ngaan5
醒目	sing2 muk6
聖巴泰勒米島	sing3 baa1 taai3 lak6 mai5 dou2
聖誕	sing3 daan3
聖誕島	sing3 daan3 dou2
聖誕夫人	sing3 daan3 fu1 jan4
聖誕老人	sing3 daan3 lou5 jan4
聖誕樹	sing3 daan3 syu6
聖多美普林西比	sing3 do1 mei5 pou2 lam4 sai1 bei2
聖基茨及尼維斯	sing3 gei1 ci4 kap6 nei4 wai4 si1
聖赫勒拿	sing3 hak1 lak6 naa4
勝利	sing3 lei6
勝利手勢	sing3 lei6 sau2 sai3
聖盧西亞	sing3 lou4 sai1 aa3
聖馬丁島	sing3 maa5 ding1 dou2
聖馬力諾	sing3 maa5 lik6 nok6
聖文森特	sing3 man4 sam1 dak6
聖文森及格瑞那丁	sing3 man4 sam1 kap6 gaak3 seoi6 naa5 ding1
姓名卡	sing3 ming4 kaa1
姓名卡	sing3 ming4 kaat1
姓名咭	sing3 ming4 kaat1
姓名牌	sing3 ming4 paai2
聖皮埃爾及密克隆	sing3 pei4 oi1 ji5 kap6 mat6 hak1 lung4
乘	sing4
城堡	sing4 bou2
繩結	sing4 git3
乘號	sing4 hou6
成人及兒童	sing4 jan4 kap6 ji4 tung4
成人內容	sing4 jan4 noi6 jung4
乘以	sing4 ji5
承認	sing4 jing6
攝影機	sip3 jing2 gei1
攝錄	sip3 luk6
攝錄機	sip3 luk6 gei1
攝石	sip3 sek6
攝氏	sip3 si6
攝氏度	sip3 si6 dou6
攝像	sip3 zoeng6
攝像機	sip3 zoeng6 gei1
舌	sit6
舌頭	sit6 tau4
燒	siu1
燒火	siu1 fo2
消防	siu1 fong4
消防車	siu1 fong4 ce1
消防員	siu1 fong4 jyun4
燒鹼	siu1 gaan2
燒心	siu1 sam1
硝酸	siu1 syun1
硝酸鉀	siu1 syun1 gaap3
硝酸鉛	siu1 syun1 jyun4
硝酸鈣	siu1 syun1 koi3
硝酸鋰	siu1 syun1 lei5
硝酸鎂	siu1 syun1 mei5
硝酸鈉	siu1 syun1 naap6
硝酸銀	siu1 syun1 ngan4
硝酸銨	siu1 syun1 on2
硝酸鋅	siu1 syun1 san1
硝酸銅	siu1 syun1 tung4
小白鼠	siu2 baak6 syu2
小白兔	siu2 baak6 tou3
小丑	siu2 cau2
小蛋糕	siu2 daan6 gou1
小雞	siu2 gai1
小狗	siu2 gau2
小轎車	siu2 giu2 ce1
小鬼	siu2 gwai2
小孩	siu2 haai4
小黑子	siu2 hak1 zi2
小孩	siu2 hoi4
小號	siu2 hou6
小紅書	siu2 hung4 syu1
少兒不宜	siu2 ji4 bat1 ji4
小型飛機	siu2 jing4 fei1 gei1
小於等於	siu2 jyu1 dang2 jyu1
小於或等於	siu2 jyu1 waak6 dang2 jyu1
小雨	siu2 jyu5
小強	siu2 koeng4
小鹿	siu2 luk2
小鹿	siu2 luk6
小貓	siu2 maau1
小鳥	siu2 niu5
小朋友	siu2 pang4 jau5
小心	siu2 sam1
小心兒童	siu2 sam1 ji4 tung4
小寫伽瑪	siu2 se2 gaa1 maa5
小寫派	siu2 se2 paai3
小寫字母	siu2 se2 zi6 mou5
小提琴	siu2 tai4 kam4
少雲	siu2 wan4
小黃	siu2 wong2
小黃	siu2 wong4
小精靈	siu2 zing1 ling4
笑	siu3
笑口常開	siu3 hau2 soeng4 hoi1
笑哭	siu3 huk1
笑容	siu3 jung4
笑容滿面	siu3 jung4 mun5 min6
笑撚死	siu3 lan2 sei2
笑淚	siu3 leoi6
笑死	siu3 sei2
梳	so1
蔬菜	so1 coi3
梳化	so1 faa2
鎖	so2
鎖定	so2 ding6
所以	so2 ji5
鎖鏈	so2 lin4
所羅門羣島	so2 lo4 mun4 kwan4 dou2
鎖匙	so2 si4
瀡	soe4
瀡滑梯	soe4 waat6 tai1
勺仔	soek3 zai2
傷	soeng1
箱	soeng1
雙板滑雪	soeng1 baan2 waat6 syut3
雙孢蘑菇	soeng1 baau1 mo4 gu1
商標	soeng1 biu1
相似結構	soeng1 ci5 git3 gau3
相似結構	soeng1 ci5 git3 kau3
雙重積分	soeng1 cung4 zik1 fan1
相減結構	soeng1 gaam2 git3 gau3
相減結構	soeng1 gaam2 git3 kau3
雙感嘆號	soeng1 gam2 taan3 hou2
雙感嘆號	soeng1 gam2 taan3 hou6
雙肩包	soeng1 gin1 baau1
雙驚嘆號	soeng1 ging1 taan3 hou2
雙驚嘆號	soeng1 ging1 taan3 hou6
雙捲曲環	soeng1 gyun2 kuk1 waan4
雙人	soeng1 jan4
雙人旁	soeng1 jan4 pong4
雙引號	soeng1 jan5 hou6
雙耳瓶	soeng1 ji5 ping4
相擁	soeng1 jung2
雙魚座	soeng1 jyu4 zo6
雙企人	soeng1 kei5 jan2
雙企人	soeng1 kei5 jan4
雙立人	soeng1 lap6 jan4
相戀	soeng1 lyun2
相吻	soeng1 man5
相吻人	soeng1 man5 jan4
相吻男	soeng1 man5 naam4
相吻女	soeng1 man5 neoi5
相愛	soeng1 oi3
相愛人	soeng1 oi3 jan4
傷心	soeng1 sam1
雙心	soeng1 sam1
雙手	soeng1 sau2
雙手合十	soeng1 sau2 hap6 sap6
雙手向上	soeng1 sau2 hoeng3 soeng6
雙嘆號	soeng1 taan3 hou2
雙嘆號	soeng1 taan3 hou6
雙兔人	soeng1 tou3 jan4
雙兔男	soeng1 tou3 naam4
雙簧	soeng1 wong4
箱仔	soeng1 zai2
雙子座	soeng1 zi2 zo6
想嘔	soeng2 au2
想嘔咁滯	soeng2 au2 gam3 zai6
相機	soeng2 gei1
想喊	soeng2 haam3
想哭	soeng2 huk1
想喫	soeng2 jaak3
想要	soeng2 jiu3
賞月	soeng2 jyut2
賞月	soeng2 jyut6
想食	soeng2 sik6
想像	soeng2 zoeng6
想像雲	soeng2 zoeng6 wan4
相	soeng3
相機	soeng3 gei1
相聲	soeng3 sing1
常青樹	soeng4 cing1 syu6
常綠喬木	soeng4 luk6 kiu4 muk6
上	soeng5
上檔	soeng5 dong3
上課	soeng5 fo3
上鎖	soeng5 so2
上	soeng6
上包下	soeng6 baau1 haa6
上包下結構	soeng6 baau1 haa6 git3 gau3
上包下結構	soeng6 baau1 haa6 git3 kau3
上邊	soeng6 bin1
上邊	soeng6 bin6
上標八	soeng6 biu1 baat3
上標七	soeng6 biu1 cat1
上標九	soeng6 biu1 gau2
上標一	soeng6 biu1 jat1
上標二	soeng6 biu1 ji6
上標零	soeng6 biu1 ling4
上標六	soeng6 biu1 luk6
上標五	soeng6 biu1 ng5
上標三	soeng6 biu1 saam1
上標四	soeng6 biu1 sei3
上凸月	soeng6 dat6 jyut6
上方	soeng6 fong1
上高	soeng6 gou1
上下	soeng6 haa6
上下顛倒	soeng6 haa6 din1 dou2
上下顛倒結構	soeng6 haa6 din1 dou2 git3 gau3
上下顛倒結構	soeng6 haa6 din1 dou2 git3 kau3
上下結構	soeng6 haa6 git3 gau3
上下結構	soeng6 haa6 git3 kau3
上下箭頭	soeng6 haa6 zin3 tau4
上陰入	soeng6 jam1 jap6
上弦月	soeng6 jin4 jyut6
上面	soeng6 min6
上昇	soeng6 sing1
上昇箭頭	soeng6 sing1 zin3 tau4
上進	soeng6 zeon3
上指	soeng6 zi2
上箭頭	soeng6 zin3 tau4
上漲	soeng6 zoeng3
上中下	soeng6 zung1 haa6
上中下結構	soeng6 zung1 haa6 git3 gau3
上中下結構	soeng6 zung1 haa6 git3 kau3
朔	sok3
嗦啖菸	sok3 daam6 jin1
嗦粉	sok3 fan2
嗦菸	sok3 jin1
朔月	sok3 jyut6
索釦	sok3 kau3
索鏈	sok3 lin4
索馬里	sok3 maa5 lei5
索馬利亞	sok3 maa5 lei6 aa3
嗦支菸	sok3 zi1 jin1
桑拿	song1 naa4
蘇丹	sou1 daan1
蘇格蘭	sou1 gaak3 laan4
蘇蝦	sou1 haa1
蘇里南	sou1 lei5 naam4
鬚刨	sou1 paau2
蘇州碼八	sou1 zau1 maa5 baat3
蘇州碼七	sou1 zau1 maa5 cat1
蘇州碼九	sou1 zau1 maa5 gau2
蘇州碼一	sou1 zau1 maa5 jat1
蘇州碼二	sou1 zau1 maa5 ji6
蘇州碼零	sou1 zau1 maa5 ling4
蘇州碼六	sou1 zau1 maa5 luk6
蘇州碼五	sou1 zau1 maa5 ng5
蘇州碼三	sou1 zau1 maa5 saam1
蘇州碼十	sou1 zau1 maa5 sap6
蘇州碼四	sou1 zau1 maa5 sei3
掃	sou3
掃把	sou3 baa2
數簿	sou3 bou2
數簿	sou3 bou6
掃地	sou3 dei6
數號	sou3 hou6
掃帚	sou3 zau2
數字	sou3 zi6
數字符號	sou3 zi6 fu4 hou6
數字鍵	sou3 zi6 gin6
數字鍵盤	sou3 zi6 gin6 pun2
數字號	sou3 zi6 hou6
數字輸入	sou3 zi6 syu1 jap6
粟米	suk1 mai5
熟睡	suk6 seoi6
鬆餅	sung1 beng2
聳肩	sung2 gin1
聳肩男	sung2 gin1 naam4
聳肩女	sung2 gin1 neoi5
書	syu1
書包	syu1 baau1
書本	syu1 bun2
書籤	syu1 cim1
書呆子	syu1 daai1 zi2
舒服	syu1 fuk6
輸入法	syu1 jap6 faat3
書呆子	syu1 ngoi4 zi2
書寫	syu1 se2
書籍	syu1 zik6
鼠	syu2
鼠標	syu2 biu1
鼠鼠	syu2 syu2
鼠頭	syu2 tau4
噓	syu4
薯條	syu4 tiu2
薯條	syu4 tiu4
薯仔	syu4 zai2
樹	syu6
豎	syu6
樹袋熊	syu6 doi6 hung4
樹幹	syu6 gon3
樹熊	syu6 hung4
樹葉	syu6 jip6
豎琴	syu6 kam4
樹懶	syu6 laan5
樹苗	syu6 miu4
豎拇指	syu6 mou5 zi2
樹木	syu6 muk6
樹芽	syu6 ngaa4
豎心	syu6 sam1
豎心邊	syu6 sam1 bin1
豎心旁	syu6 sam1 pong4
豎中指	syu6 zung1 zi2
選項	syun2 hong6
選擇	syun2 zaak6
蒜	syun3
算罷啦	syun3 baa2 laa1
算籌八	syun3 cau4 baat3
算籌七	syun3 cau4 cat1
算籌九	syun3 cau4 gau2
算籌一	syun3 cau4 jat1
算籌二	syun3 cau4 ji6
算籌零	syun3 cau4 ling4
算籌六	syun3 cau4 luk6
算籌五	syun3 cau4 ng5
算籌三	syun3 cau4 saam1
算籌四	syun3 cau4 sei3
算啦	syun3 laa1
算盤	syun3 pun4
蒜頭	syun3 tau4
船	syun4
船錨	syun4 maau4
漩渦	syun4 wo1
旋轉木馬	syun4 zyun2 muk6 maa5
雪	syut3
雪豆	syut3 dau2
雪豆	syut3 dau6
雪花	syut3 faa1
雪糕	syut3 gou1
雪糕筒	syut3 gou1 tung2
雪橇	syut3 hiu1
雪人	syut3 jan4
雪嶺	syut3 ling5
雪山	syut3 saan1
呔	taai1
泰	taai3
泰迪	taai3 dik6
泰迪熊	taai3 dik6 hung4
太極	taai3 gik6
泰國	taai3 gwok3
太空人	taai3 hung1 jan4
太陰	taai3 jam1
太陽	taai3 joeng4
太陽鏡	taai3 joeng4 geng3
太陽雨	taai3 joeng4 jyu5
太陽帽	taai3 joeng4 mou6
太子	taai3 zi2
探熱	taam3 jit6
探熱針	taam3 jit6 zam1
探長	taam3 zoeng2
攤手	taan1 sau2
攤手男	taan1 sau2 naam4
攤手女	taan1 sau2 neoi5
坦桑尼亞	taan2 song1 nei4 aa3
嘆氣	taan3 hei3
嘆號	taan3 hou2
嘆號	taan3 hou6
嘆號問號	taan3 hou6 man6 hou2
嘆號問號	taan3 hou6 man6 hou6
嘆號心	taan3 hou6 sam1
嘆問號	taan3 man6 hou2
嘆問號	taan3 man6 hou6
碳酸	taan3 syun1
碳酸鉀	taan3 syun1 gaap3
碳酸氫鈉	taan3 syun1 hing1 naap6
碳酸氫銨	taan3 syun1 hing1 on2
碳酸鈣	taan3 syun1 koi3
碳酸鎂	taan3 syun1 mei5
碳酸鈉	taan3 syun1 naap6
塔吊	taap3 diu3
塔吉克斯坦	taap3 gat1 hak1 si1 taan2
塔可	taap3 ho2
梯	tai1
梯形	tai1 jing4
睇	tai2
體操	tai2 cou1
體操男	tai2 cou1 naam4
體操女	tai2 cou1 neoi5
睇電影	tai2 din6 jing2
睇過	tai2 gwo3
睇下	tai2 haa5
睇戲	tai2 hei3
體育場	tai2 juk6 coeng4
體育館	tai2 juk6 gun2
睇書	tai2 syu1
睇睇	tai2 tai2
體溫計	tai2 wai6 gai3
涕泗	tai3 si3
涕泗滂沱	tai3 si3 pong4 to4
涕泗橫流	tai3 si3 waang4 lau4
剃鬚	tai3 sou1
剃鬚刀	tai3 sou1 dou1
剃鬚刨	tai3 sou1 paau4
提款機	tai4 fun2 gei1
提琴	tai4 kam4
提手	tai4 sau2
提手旁	tai4 sau2 pong4
提子	tai4 zi2
褪前	tan3 cin4
褪後	tan3 hau6
偷窺	tau1 kwai1
偷瞄	tau1 miu4
偷笑	tau1 siu3
偷睇	tau1 tai2
透明	tau3 ming4
骰	tau4
頭頂光環	tau4 deng2 gwong1 waan4
頭都大埋	tau4 dou1 daai6 maai4
頭巾	tau4 gan1
頭巾佬	tau4 gan1 lou2
頭巾男	tau4 gan1 naam4
頭巾女	tau4 gan1 neoi5
頭骨	tau4 gwat1
投降	tau4 hong4
頭盔	tau4 kwai1
投票	tau4 piu3
投票箱	tau4 piu3 soeng1
頭痛	tau4 tung3
頭暈	tau4 wan4
頭暈目眩	tau4 wan4 muk6 jyun6
頭暈眼花	tau4 wan4 ngaan5 faa1
骰仔	tau4 zai2
頭震	tau4 zan3
骰子	tau4 zi2
踢波	tek3 bo1
聽	teng1
聽診器	teng1 can2 hei3
聽筒	teng1 tung2
艇	teng5
推出	teoi1 ceot1
腿	teoi2
退格	teoi3 gaak3
盾	teon5
盾牌	teon5 paai4
剔	tik1
剔號	tik1 hou6
剔手	tik1 sau2
剔手邊	tik1 sau2 bin1
剔手旁	tik1 sau2 pong4
剔選	tik1 syun2
甜品	tim4 ban2
甜瓜	tim4 gwaa1
甜圈	tim4 hyun1
甜薯	tim4 syu4
甜甜圈	tim4 tim4 hyun1
甜筒	tim4 tung2
甜椒	tim4 ziu1
天秤座	tin1 cing3 zo6
天蠍座	tin1 hit3 zo6
天河	tin1 ho4
天漢	tin1 hon3
天虹	tin1 hung4
天蠍座	tin1 kit3 zo6
天鵝	tin1 ngo4
天平	tin1 ping4
天使	tin1 si3
天使寶貝	tin1 si3 bou2 bui3
天使嬰兒	tin1 si3 jing1 ji4
天線	tin1 sin3
天星	tin1 sing1
天竺	tin1 zuk1
田雞	tin4 gai1
田螺	tin4 lo4
聽	ting3
停車	ting4 ce1
停車場	ting4 ce1 coeng4
停止播放	ting4 zi2 bo3 fong3
鐵鏟	tit3 caan2
鐵錘	tit3 ceoi4
鐵道車	tit3 dou6 ce1
鐵鎬	tit3 gou2
鐵軌	tit3 gwai2
鐵鏈	tit3 lin4
鐵路	tit3 lou6
鐵錨	tit3 maau4
鐵鉤	tit3 ngau1
鐵索	tit3 sok3
調羹	tiu1 gang1
跳芭蕾	tiu3 baa1 leoi5
跳芭蕾舞	tiu3 baa1 leoi5 mou5
跳舞	tiu3 mou5
跳傘	tiu3 saan3
調暗	tiu4 am3
條幅星	tiu4 fuk1 sing1
調羹	tiu4 gang1
條形圖	tiu4 jing4 tou4
條脷	tiu4 lei6
調亮	tiu4 loeng6
調皮	tiu4 pei4
調色板	tiu4 sik1 baan2
拖鞋	to1 haai2
拖拉機	to1 laai1 gei1
拖手	to1 sau2
駝	to4
檯球	toi2 kau4
臺	toi4
颱風	toi4 fung1
檯曆	toi4 lik6
檯式電腦	toi4 sik1 din6 nou5
檯式機	toi4 sik1 gei1
臺灣	toi4 waan1
檯鐘	toi4 zung1
托	tok3
托克勞	tok3 hak1 lou4
湯匙	tong1 ci4
湯粉	tong1 fan2
湯加	tong1 gaa1
湯麪	tong1 min6
糖	tong2
糖果	tong4 gwo2
土	tou2
土豆	tou2 dau6
土庫曼斯坦	tou2 fu3 maan6 si1 taan2
土狗	tou2 gau2
土耳其	tou2 ji5 kei4
兔	tou3
兔女郎	tou3 neoi5 long4
吐舌	tou3 sit6
兔頭	tou3 tau4
兔兔	tou3 tou3
套娃	tou3 waa1
兔仔	tou3 zai2
桃	tou4
圖表	tou4 biu2
圖釘	tou4 deng1
圖釘	tou4 ding1
塗黑	tou4 hak1
淘氣	tou4 hei3
逃逸	tou4 jat6
圖瓦盧	tou4 ngaa5 lou4
圖書	tou4 syu1
桃子	tou4 zi2
通宵	tung1 siu1
桶	tung2
統計	tung2 gai3
痛苦	tung3 fu2
痛哭	tung3 huk1
同步	tung4 bou6
同意	tung4 ji3
銅牌	tung4 paai4
糰	tyun4
豚	tyun4
𫙠	tyun4
糰子	tyun4 zi2
斷鏈	tyun5 lin4
脫殼	tyut3 hok3
脫殼而出	tyut3 hok3 ji4 ceot1
脫氧核糖核酸	tyut3 joeng5 hat6 tong4 hat6 syun1
脫離	tyut3 lei4
屋	uk1
屋企	uk1 kei2
中性人聳肩	ung1 sing3 jan4 sung2 gin1
哇	waa1
蛙	waa1
畫	waa2
畫筆	waa2 bat1
畫家	waa2 gaa1
畫框	waa2 kwaang1
華夫	waa4 fu1
華夫餅	waa4 fu1 beng2
華氏	waa4 si6
華氏度	waa4 si6 dou6
畫筆	waa6 bat1
話筒	waa6 tung2
話筒	waa6 tung4
懷孕	waai4 jan6
懷孕男	waai4 jan6 naam4
懷疑	waai4 ji4
懷抱	waai4 pou5
壞蛋	waai6 daan2
壞人	waai6 jan4
畫筆	waak6 bat1
畫畫	waak6 waa2
彎引號	waan1 jan5 hou6
彎月	waan1 jyut6
彎鉤	waan1 ngau1
環保	waan4 bou2
環釦	waan4 kau3
寰球	waan4 kau4
頑皮	waan4 pei4
橫	waang4
滑板	waat6 baan2
滑板車	waat6 baan2 ce1
滑鼠	waat6 syu2
滑雪	waat6 syut3
滑雪板	waat6 syut3 baan2
滑雪屐	waat6 syut3 kek6
滑梯	waat6 tai1
威爾士	wai1 ji5 si6
萎	wai2
虺	wai2
委內瑞拉	wai2 noi6 seoi6 laai1
委屈	wai2 wat1
餵奶	wai3 naai5
餵脌	wai3 nin1
餵𢆡	wai3 nin1
遺傳物質	wai4 cyun4 mat6 zat1
圍巾	wai4 gan1
圍觀	wai4 gun1
惟利是圖	wai4 lei6 si6 tou4
圍字框	wai4 zi6 hong1
蝟	wai6
衛兵	wai6 bing1
爲何	wai6 ho4
衛生間	wai6 sang1 gaan1
衛士	wai6 si6
爲食	wai6 sik6
爲食貓	wai6 sik6 maau1
彗星	wai6 sing1
衛星	wai6 sing1
衛星天線	wai6 sing1 tin1 sin3
衛星通訊	wai6 sing1 tung1 seon3
衛星鑊	wai6 sing1 wok6
位置	wai6 zi3
㬈	wan1
溫泉	wan1 cyun4
溫度計	wan1 dou6 gai3
暈	wan4
雲	wan4
雲彩	wan4 coi2
雲朵	wan4 do2
雲霄飛車	wan4 siu1 fei1 ce1
暈頭轉向	wan4 tau4 zyun3 hoeng3
雲團	wan4 tyun4
運動背心	wan6 dung6 bui3 sam1
運動場	wan6 dung6 coeng4
運動館	wan6 dung6 gun2
運動鞋	wan6 dung6 haai4
運動帽	wan6 dung6 mou6
運動衫	wan6 dung6 saam1
運貨	wan6 fo3
鬱金香	wat1 gam1 hoeng1
鬱悶	wat1 mun6
核突	wat6 dat6
泳	wing6
泳衣	wing6 ji1
泳裝	wing6 zong1
蝸	wo1
蝸牛	wo1 ngau4
和服	wo4 fuk6
和平	wo4 ping4
和平標誌	wo4 ping4 biu1 zi3
和平鴿	wo4 ping4 gaap3
和平手勢	wo4 ping4 sau2 sai3
鑊形天線	wok6 jing4 tin1 sin3
黃	wong4
王儲	wong4 cyu5
皇儲	wong4 cyu5
黃花	wong4 faa1
黃昏	wong4 fan1
王妃	wong4 fei1
黃蜂	wong4 fung1
皇冠	wong4 gun1
王冠人	wong4 gun1 jan4
黃瓜	wong4 gwaa1
黃䘆	wong4 hin2
黃䘆	wong4 hyun2
黃油	wong4 jau4
王女	wong4 neoi5
黃豹	wong4 paau3
黃心	wong4 sam1
黃絲	wong4 si1
黃絲帶	wong4 si1 daai3
黃色	wong4 sik1
黃色愛心	wong4 sik1 oi3 sam1
王子	wong4 zi2
皇子	wong4 zi2
烏	wu1
鰞	wu1
烏鴉	wu1 aa1
烏賊	wu1 caak6
鰞鱡	wu1 caak6
烏干達	wu1 gon1 daat6
烏龜	wu1 gwai1
烏克蘭	wu1 hak1 laan4
烏蠅	wu1 jing1
烏拉圭	wu1 laai1 gwai1
烏茲別克斯坦	wu1 zi1 bit6 hak1 si1 taan2
污漬	wu1 zik1
狐	wu4
蝴蝶	wu4 dip2
蝴蝶結	wu4 dip2 git3
蝴蝶	wu4 dip6
蝴蝶餅	wu4 dip6 beng2
蝴蝶脆餅	wu4 dip6 ceoi3 beng2
蝴蝶結	wu4 dip6 git3
狐狸	wu4 lei2
狐狸頭	wu4 lei2 tau4
狐狸	wu4 lei4
狐狸頭	wu4 lei4 tau4
胡蘿蔔	wu4 lo4 baak6
鬍鬚	wu4 sou1
鬍鬚佬	wu4 sou1 lou2
鬍鬚男	wu4 sou1 naam4
鬍鬚女	wu4 sou1 neoi5
猢猻	wu4 syun1
戶	wu6
互等	wu6 dang2
護目鏡	wu6 muk6 geng3
護士	wu6 si6
護士服	wu6 si6 fuk6
護士袍	wu6 si6 pou4
護照控制	wu6 ziu3 hung3 zai3
回車	wui4 ce1
回車鍵	wui4 ce1 gin6
回形針	wui4 jing4 zam1
回紋針	wui4 man4 zam1
回收	wui4 sau1
回旋鏢	wui4 syun4 biu1
匯率	wui6 leot2
碗	wun2
豌	wun2
豌豆	wun2 dau2
豌豆莢	wun2 dau2 gaap3
豌豆	wun2 dau6
豌豆莢	wun2 dau6 gaap3
碗飯	wun2 faan6
碗粉	wun2 fan2
浣熊	wun2 hung4
碗麪	wun2 min6
碗勺	wun2 soek3
浣熊	wun5 hung4
換檔	wun6 dong3
換行	wun6 hong4
換行符	wun6 hong4 fu4
換行鍵	wun6 hong4 gin6
活火山	wut6 fo2 saan1
炸	zaa3
炸彈	zaa3 daan2
乍得	zaa3 dak1
炸角	zaa3 gok3
炸蝦	zaa3 haa1
炸薯條	zaa3 syu4 tiu2
炸薯條	zaa3 syu4 tiu4
澤西島	zaak6 sai1 dou2
䁪單眼	zaam2 daan1 ngaan5
眨單眼	zaam2 daan1 ngaan5
站立男	zaam6 laap6 naam4
站立	zaam6 lap6
站立女	zaam6 lap6 neoi5
暫停播放	zaam6 ting4 bo3 fong3
讚	zaan3
贊比亞	zaan3 bei2 aa3
贊同	zaan3 tung4
眨單眼	zaap3 daan1 ngaan5
雜技	zaap6 gei6
雜技男	zaap6 gei6 naam4
雜技女	zaap6 gei6 neoi5
嘲諷	zaau1 fung3
爪字頭	zaau2 zi6 tau4
製表	zai3 biu2
製表符	zai3 biu2 fu4
製表鍵	zai3 biu2 gin6
側手翻	zak1 sau2 faan1
側手翻男	zak1 sau2 faan1 naam4
側手翻女	zak1 sau2 faan1 neoi5
針	zam1
斟杯水	zam1 bui1 seoi2
斟水	zam1 seoi2
針線	zam1 sin3
針筒	zam1 tung2
浸浴	zam3 juk6
浸浴缸	zam3 juk6 gong1
珍珠奶茶	zan1 zyu1 naai5 caa4
震	zan3
振動	zan3 dung6
震機	zan3 gei1
震卦	zan3 gwaa3
陣風	zan6 fung1
箏	zang1
猙獰	zang1 ning4
執筆	zap1 bat1
執導	zap1 dou6
帚	zau2
肘	zau2
酒	zau2
酒杯	zau2 bui1
酒店	zau2 dim3
肘擊	zau2 gik1
走之底	zau2 zi1 dai2
酒精	zau2 zing1
皺眉	zau3 mei4
皺眉男	zau3 mei4 naam4
皺眉女	zau3 mei4 neoi5
遮	ze1
遮雨	ze1 jyu5
姐妹	ze2 mui6
織蟀	zek1 seot1
井	zeng2
井鍵	zeng2 gin6
井號	zeng2 hou6
井號鍵	zeng2 hou6 gin6
正	zeng3
嘴角上揚	zeoi2 gok3 soeng6 joeng4
嘴脣	zeoi2 seon4
沮喪	zeoi2 song3
序號	zeoi6 hou6
敘利亞	zeoi6 lei6 aa3
樽	zeon1
津巴布韋	zeon1 baa1 bou3 wai4
准許	zeon2 heoi2
進入	zeon3 jap6
卒	zeot1
資	zi1
支菸	zi1 jin1
資料夾	zi1 liu2 gaap3
齜牙	zi1 ngaa4
資訊	zi1 seon3
芝士	zi1 si2
芝士火鍋	zi1 si2 fo2 wo1
芝士	zi1 si6
蜘蛛	zi1 zyu1
蜘蛛網	zi1 zyu1 mong5
指	zi2
紙	zi2
紫	zi2
紙幣	zi2 bai6
紙杯蛋糕	zi2 bui1 daan6 gou1
指出	zi2 ceot1
子彈列車	zi2 daan2 lit6 ce1
子彈頭列車	zi2 daan2 tau4 lit6 ce1
指定席	zi2 ding6 zik6
紫荊花旗	zi2 ging1 faa1 kei4
紫荊旗	zi2 ging1 kei4
紙卷	zi2 gyun2
指下	zi2 haa6
指向	zi2 hoeng3
止血貼	zi2 hyut3 tip3
指右	zi2 jau6
紙菸	zi2 jin1
紙鷂	zi2 jiu2
紙鷂	zi2 jiu6
指紋	zi2 man4
姊妹	zi2 mui2
姊妹	zi2 mui6
指南針	zi2 naam4 zam1
紙牌	zi2 paai2
紙牌	zi2 paai4
紫心	zi2 sam1
指示	zi2 si6
紫色	zi2 sik1
紫色愛心	zi2 sik1 oi3 sam1
指上	zi2 soeng6
指數	zi2 sou3
指環	zi2 waan4
指左	zi2 zo2
紙張	zi2 zoeng1
置頂	zi3 deng2
置頂	zi3 ding2
致敬	zi3 ging3
智利	zi3 lei6
致命	zi3 ming6
致死	zi3 sei2
彘	zi6
自動取款機	zi6 dung6 ceoi2 fun2 gei1
自動提款機	zi6 dung6 tai4 fun2 gei1
自行車	zi6 hang4 ce1
自由女神	zi6 jau4 neoi5 san4
自由女神像	zi6 jau4 neoi5 san4 zoeng6
自由神像	zi6 jau4 san4 zoeng6
自然數	zi6 jin4 sou3
自鳴得意	zi6 ming4 dak1 ji3
字母	zi6 mou5
字母輸入	zi6 mou5 syu1 jap6
自拍	zi6 paak3
積分	zik1 fan1
積分符號	zik1 fan1 fu4 hou6
職員	zik1 jyun4
織蟀	zik1 seot1
即將箭頭	zik1 zoeng1 zin3 tau4
直布羅陀	zik6 bou3 lo4 to4
直尺	zik6 cek3
直方圖	zik6 fong1 tou4
夕陽	zik6 joeng4
直昇機	zik6 sing1 gei1
煎餅	zin1 beng2
煎蛋	zin1 daan2
煎蛋	zin1 daan6
煎餃	zin1 gaau2
煎雞膥	zin1 gai1 ceon1
煎雞蛋	zin1 gai1 daan2
煎雞蛋	zin1 gai1 daan6
剪	zin2
剪切板	zin2 cit3 baan2
剪刀	zin2 dou1
剪髮	zin2 faat3
剪頭髮	zin2 tau4 faat3
剪貼板	zin2 tip3 baan2
剪貼簿	zin2 tip3 bou2
濺	zin3
濺潑	zin3 put3
箭術	zin3 seot6
箭頭	zin3 tau4
箭嘴	zin3 zeoi2
睛	zing1
蒸氣火車	zing1 hei3 fo2 ce1
蒸餾器	zing1 lau6 hei3
精靈	zing1 ling4
精靈男	zing1 ling4 naam4
精靈女	zing1 ling4 neoi5
蒸桑拿	zing1 song1 naa4
偵探	zing1 taam3
井	zing2
整蠱	zing2 gu2
整蠱作怪	zing2 gu2 zok3 gwaai3
整數	zing2 sou3
正	zing3
正比於	zing3 bei2 jyu1
正方	zing3 fong1
正方形	zing3 fong1 jing4
正負	zing3 fu6
正負號	zing3 fu6 hou6
正教會	zing3 gaau3 wui2
正教會十字	zing3 gaau3 wui2 sap6 zi6
證人	zing3 jan4
正確	zing3 kok3
正統十字架	zing3 tung2 sap6 zi6 gaa3
正正係	zing3 zing3 hai6
正中	zing3 zung3
正中紅心	zing3 zung3 hung4 sam1
靜音	zing6 jam1
靜坐	zing6 zo6
靜坐男	zing6 zo6 naam4
靜坐女	zing6 zo6 neoi5
摺扇	zip3 sin3
折	zit3
節字邊	zit3 zi6 bin1
節字旁	zit3 zi6 pong4
節節高	zit3 zit3 gou1
捷克	zit6 hak1
捷豹	zit6 paau3
朝	ziu1
椒	ziu1
蕉	ziu1
招呼	ziu1 fu1
椒鹽捲餅	ziu1 jim4 gyun2 beng2
朝陽	ziu1 joeng4
焦慮	ziu1 leoi6
招手	ziu1 sau2
朝鮮	ziu1 sin1
照相機	ziu3 soeng2 gei1
照相機	ziu3 soeng3 gei1
左	zo2
左包右	zo2 baau1 jau6
左包右結構	zo2 baau1 jau6 git3 gau3
左包右結構	zo2 baau1 jau6 git3 kau3
左邊	zo2 bin1
左邊	zo2 bin6
左單引號	zo2 daan1 jan5 hou6
左下	zo2 haa6
左下包右上	zo2 haa6 baau1 jau6 soeng6
左下包右上結構	zo2 haa6 baau1 jau6 soeng6 git3 gau3
左下包右上結構	zo2 haa6 baau1 jau6 soeng6 git3 kau3
左下環繞	zo2 haa6 waan4 jiu2
左下箭頭	zo2 haa6 zin3 tau4
左引號	zo2 jan5 hou6
左右	zo2 jau6
左右顛倒	zo2 jau6 din1 dou2
左右顛倒結構	zo2 jau6 din1 dou2 git3 gau3
左右顛倒結構	zo2 jau6 din1 dou2 git3 kau3
左右結構	zo2 jau6 git3 gau3
左右結構	zo2 jau6 git3 kau3
左右箭頭	zo2 jau6 zin3 tau4
左耳邊	zo2 ji5 bin1
左耳旁	zo2 ji5 pong4
左拳	zo2 kyun4
左面	zo2 min6
左雙引號	zo2 soeng1 jan5 hou6
左上	zo2 soeng6
左上包右下	zo2 soeng6 baau1 jau6 haa6
左上包右下結構	zo2 soeng6 baau1 jau6 haa6 git3 gau3
左上包右下結構	zo2 soeng6 baau1 jau6 haa6 git3 kau3
左上環繞	zo2 soeng6 waan4 jiu2
左上箭頭	zo2 soeng6 zin3 tau4
左指	zo2 zi2
左箭頭	zo2 zin3 tau4
左中右	zo2 zung1 jau6
左中右結構	zo2 zung1 jau6 git3 gau3
左中右結構	zo2 zung1 jau6 git3 kau3
詛咒	zo3 zau3
座標	zo6 biu1
坐騎	zo6 gei6
座椅	zo6 ji2
助聽器	zo6 teng1 hei3
助聽器	zo6 ting3 hei3
座位	zo6 wai2
座位	zo6 wai6
雀	zoek3
雀竇	zoek3 dau3
桌球	zoek3 kau4
雀仔	zoek3 zai2
雀仔膥	zoek3 zai2 ceon1
雀仔蛋	zoek3 zai2 daan6
雀仔竇	zoek3 zai2 dau3
雀仔頭	zoek3 zai2 tau4
着火	zoek6 fo2
着陸	zoek6 luk6
着數	zoek6 sou3
蟑	zoeng1
張口	zoeng1 hau2
章魚	zoeng1 jyu4
蟑螂	zoeng1 long4
張嘴	zoeng1 zeoi2
獎盃	zoeng2 bui1
獎牌	zoeng2 paai4
掌聲	zoeng2 sing1
長者	zoeng2 ze2
將	zoeng3
漲	zoeng3
賬簿	zoeng3 bou2
賬簿	zoeng3 bou6
賬本	zoeng3 bun2
賬冊	zoeng3 caak3
帳號	zoeng3 hou6
帳篷	zoeng3 pung4
帳戶	zoeng3 wu6
象	zoeng6
象牙海岸	zoeng6 ngaa4 hoi2 ngon6
再見	zoi3 gin3
在建	zoi6 gin3
作證	zok3 zing3
𥅾	zong1
𥅾下	zong1 haa5
𥅾人	zong1 jan4
𥅾𥅾	zong1 zong1
做泥水	zou6 nai4 seoi2
做題蛆	zou6 tai4 ceoi1
做題家	zou6 tai4 gaa1
燭	zuk1
祝	zuk1
竹	zuk1
足	zuk1
足部	zuk1 bou6
竹花頭	zuk1 faa1 tau4
祝福	zuk1 fuk1
祝賀	zuk1 ho6
足印	zuk1 jan3
足球	zuk1 kau4
竹籃	zuk1 laam4
足字邊	zuk1 zi6 bin1
足字旁	zuk1 zi6 pong4
竹字頭	zuk1 zi6 tau4
足跡	zuk1 zik1
竹節	zuk1 zit3
中	zung1
宗	zung1
棕	zung1
鐘	zung1
中秋	zung1 cau1
中秋節	zung1 cau1 zit3
中等音量	zung1 dang2 jam1 loeng6
中點	zung1 dim2
中點號	zung1 dim2 hou6
終點旗	zung1 dim2 kei4
中非	zung1 fei1
中非共和國	zung1 fei1 gung6 wo4 gwok3
中國	zung1 gwok3
中國大陸	zung1 gwok3 daai6 luk6
中入	zung1 jap6
鍾意	zung1 ji3
棕櫚	zung1 leoi4
棕櫚樹	zung1 leoi4 syu6
鐘鈴	zung1 ling4
棕色	zung1 sik1
中性白髮人	zung1 sing3 baak6 faat3 jan4
中性廚師	zung1 sing3 ceoi4 si1
中性超級英雄	zung1 sing3 ciu1 kap1 jing1 hung4
中性廚師	zung1 sing3 cyu4 si1
中性燈神	zung1 sing3 dang1 san4
中性反派	zung1 sing3 faan2 paai3
中性法官	zung1 sing3 faat3 gun1
中性婚紗人	zung1 sing3 fan1 saa1 jan4
中性飛行員	zung1 sing3 fei1 hang4 jyun4
中性科學家	zung1 sing3 fo1 hok6 gaa1
中性服務員	zung1 sing3 fuk6 mou6 jyun4
中性教師	zung1 sing3 gaau3 si1
中性金髮人	zung1 sing3 gam1 faat3 jan4
中性技工	zung1 sing3 gei6 gung1
中性建築工人	zung1 sing3 gin3 zuk1 gung1 jan4
中性警察	zung1 sing3 ging2 caat3
中性歌手	zung1 sing3 go1 sau2
中性殭屍	zung1 sing3 goeng1 si1
中性工程師	zung1 sing3 gung1 cing4 si1
中性工人	zung1 sing3 gung1 jan4
中性光頭人	zung1 sing3 gwong1 tau4 jan4
中性捲髮人	zung1 sing3 gyun2 faat3 jan4
中性行人	zung1 sing3 hang4 jan4
中性學生	zung1 sing3 hok6 saang1
中性紅髮人	zung1 sing3 hung4 faat3 jan4
中性人揞面	zung1 sing3 jan4 am2 min6
中性人賽艇	zung1 sing3 jan4 coi3 teng5
中性人衝浪	zung1 sing3 jan4 cung1 long6
中性人單車	zung1 sing3 jan4 daan1 ce1
中性人否定	zung1 sing3 jan4 fau2 ding6
中性人舉重	zung1 sing3 jan4 geoi2 cung5
中性人舉手	zung1 sing3 jan4 geoi2 sau2
中性人高爾夫	zung1 sing3 jan4 gou1 ji5 fu1
中性人鞠躬	zung1 sing3 jan4 guk1 gung1
中性人焗桑拿	zung1 sing3 jan4 guk6 song1 naa4
中性人跪地	zung1 sing3 jan4 gwai6 dei6
中性人游泳	zung1 sing3 jan4 jau4 wing6
中性人魚	zung1 sing3 jan4 jyu4
中性人撅嘴	zung1 sing3 jan4 kyut3 zeoi2
中性人籃球	zung1 sing3 jan4 laam4 kau4
中性人理髮	zung1 sing3 jan4 lei5 faat3
中性人按摩	zung1 sing3 jan4 on3 mo1
中性人攀巖	zung1 sing3 jan4 paan1 ngaam4
中性人跑步	zung1 sing3 jan4 paau2 bou6
中性人山地單車	zung1 sing3 jan4 saan1 dei6 daan1 ce1
中性人失聰	zung1 sing3 jan4 sat1 cung1
中性人手球	zung1 sing3 jan4 sau2 kau4
中性人守衛	zung1 sing3 jan4 sau2 wai6
中性人水球	zung1 sing3 jan4 seoi2 kau4
中性人摔角	zung1 sing3 jan4 seot1 gok3
中性人同意	zung1 sing3 jan4 tung4 ji3
中性人餵奶	zung1 sing3 jan4 wai3 naai5
中性人站立	zung1 sing3 jan4 zaam6 lap6
中性人雜技	zung1 sing3 jan4 zaap6 gei6
中性人側手翻	zung1 sing3 jan4 zak1 sau2 faan1
中性人皺眉	zung1 sing3 jan4 zau3 mei4
中性人靜坐	zung1 sing3 jan4 zing6 zo6
中性醫護人員	zung1 sing3 ji1 wu6 jan4 jyun4
中性兒童	zung1 sing3 ji4 tung4
中性燕尾服人	zung1 sing3 jin3 mei5 fuk6 jan4
中性宇航員	zung1 sing3 jyu5 hong4 jyun4
中性吸血鬼	zung1 sing3 kap1 hyut3 gwai2
中性老年人	zung1 sing3 lou5 nin4 jan4
中性盲人	zung1 sing3 maang4 jan4
中性魔法師	zung1 sing3 mo1 faat3 si1
中性藝術家	zung1 sing3 ngai6 seot6 gaa1
中性農民	zung1 sing3 nung4 man4
中性仙人	zung1 sing3 sin1 jan4
中性聖誕老人	zung1 sing3 sing3 daan3 lou5 jan4
中性成年人	zung1 sing3 sing4 nin4 jan4
中性消防員	zung1 sing3 siu1 fong4 jyun4
中性頭巾人	zung1 sing3 tau4 gan1 jan4
中性鬍鬚人	zung1 sing3 wu4 sou1 jan4
中性職員	zung1 sing3 zik1 jyun4
中性精靈	zung1 sing3 zing1 ling4
中性偵探	zung1 sing3 zing1 taam3
忠誠	zung1 sing4
中華人民共和國	zung1 waa4 jan4 man4 gung6 wo4 gwok3
中華民國	zung1 waa4 man4 gwok3
中雲	zung1 wan4
鐘仔	zung1 zai2
中指	zung1 zi2
蹤跡	zung1 zik1
中	zung3
中靶	zung3 baa2
中的	zung3 dik1
中肯	zung3 hang2
中暑	zung3 syu2
株	zyu1
蛛	zyu1
豬	zyu1
豬鼻	zyu1 bei6
朱咕叻	zyu1 gu1 lik1
朱咕叻圈	zyu1 gu1 lik1 hyun1
朱古力	zyu1 gu2 lik6
朱古力圈	zyu1 gu2 lik6 hyun1
蛛網	zyu1 mong5
株式會社	zyu1 sik1 wui6 se5
珠算	zyu1 syun3
豬頭	zyu1 tau4
豬仔蛇	zyu1 zai2 se4
朱雀	zyu1 zoek3
豬豬	zyu1 zyu1
主題公園	zyu2 tai4 gung1 jyun2
注	zyu3
註冊	zyu3 caak3
註冊商標	zyu3 caak3 soeng1 biu1
注意	zyu3 ji3
注意兒童	zyu3 ji3 ji4 tung4
著佐權	zyu3 zo3 kyun4
著作權	zyu3 zok3 kyun4
箸	zyu6
住宅	zyu6 zaak2
住宅區	zyu6 zaak2 keoi1
住宅樓	zyu6 zaak2 lau4
住宅屋	zyu6 zaak2 zuk1
住宅	zyu6 zaak6
住宅區	zyu6 zaak6 keoi1
磚	zyun1
磚塊	zyun1 faai3
磚頭	zyun1 tau4
轉向前方	zyun2 hoeng3 cin4 fong1
轉向下方	zyun2 hoeng3 haa6 fong1
轉向後方	zyun2 hoeng3 hau6 fong1
轉向上方	zyun2 hoeng3 soeng6 fong1
轉換	zyun2 wun6
鑽	zyun3
鑽戒	zyun3 gaai3
鑽石	zyun3 sek6
